{"NumberTweets": [28.12953712134262, 33.20619140192436, 26.35037035214214, 12.31390112459089], "UrduTweets": [35.216872264226026, 21.806605650616792, 21.229606048547552, 21.74691603660963], "Popularity": [11.045558310921672, 67.7516946759653, 9.84453654563309, 11.358210467479957], "NegEmotion": [30.86297734748806, 27.638150977776977, 20.977404998110554, 20.521466676624414], "PosEmotion": [24.79785480810236, 30.760326355188088, 20.978054327435327, 23.463764509274235], "NeuEmotion": [23.906390426604954, 21.926787470795876, 27.594929125883887, 26.571892976715265]}