{"NumberTweets": [27.386749299099893, 42.82130736314003, 21.100782056957357, 8.691161280802714], "UrduTweets": [28.688524590163933, 54.75409836065573, 7.540983606557377, 9.01639344262295], "Popularity": [23.04133500861258, 29.59175622231497, 46.037333754628584, 1.329575014443862], "NegEmotion": [28.962960573790735, 36.20506167334583, 9.941444572609255, 24.890533180254177], "PosEmotion": [19.901082256848447, 24.588720995300086, 23.31582123779912, 32.19437551005234], "NeuEmotion": [26.609715220589308, 23.13493986829385, 28.560386337873517, 21.69495857324334]}