{"NumberTweets": [21.86695457187941, 39.63956482019766, 27.497716136533512, 10.99576447138942], "UrduTweets": [29.66601178781925, 40.79895219384414, 10.674525212835626, 18.860510805500983], "Popularity": [41.40922478015092, -22.17984892917561, 29.998158544385117, 6.41276774628836], "NegEmotion": [29.265825503974806, 24.868294874100936, 24.357150878600066, 21.50872874332419], "PosEmotion": [29.097257134357474, 14.820803819320744, 28.095438437567775, 27.986500608754028], "NeuEmotion": [22.307544630972362, 29.895489908191962, 23.636157858207692, 24.16080760262797]}