{"NumberTweets": [29.458383920140296, 32.021448806151355, 26.375961149332255, 12.144206124376096], "UrduTweets": [34.96121804079287, 22.148807813846595, 20.425165182418844, 22.464808962941685], "Popularity": [14.728879912624905, 73.40427465660935, 8.820790087554576, 3.0460553432111697], "NegEmotion": [29.28267418403734, 28.497901547311955, 21.352268758762367, 20.867155509888345], "PosEmotion": [24.69565411420357, 29.98200701225518, 20.195076169363457, 25.127262704177785], "NeuEmotion": [24.29459077938726, 22.128752408668483, 27.831876105172203, 25.74478070677205]}