{"NumberTweets": [24.625273598758763, 35.49164657966919, 24.67237414457097, 15.21070567700108], "UrduTweets": [31.399402390438247, 22.18625498007968, 17.006972111553782, 29.40737051792829], "Popularity": [2.5705040104358217, 71.7490346826121, 7.79442048386154, 17.886040823090536], "NegEmotion": [33.967441344446335, 24.75096640154874, 22.150948200963825, 19.130644053041106], "PosEmotion": [19.384368166115348, 34.917833096669234, 18.577828109991998, 27.119970627223424], "NeuEmotion": [25.817373340138474, 20.512951620275437, 28.500442004346567, 25.169233035239518]}