{"NumberTweets": [25.358259983996508, 36.80439368589511, 22.470357168836838, 15.36698916127155], "UrduTweets": [30.02257336343115, 24.37923250564334, 13.834247017091261, 31.763947113834245], "Popularity": [1.4409876785262272, 69.14502394233448, 8.997398556904004, 20.416589822235302], "NegEmotion": [33.86065072414578, 26.085562718636574, 19.545127849066233, 20.508658708151405], "PosEmotion": [19.382446424800946, 33.857556698310844, 17.091234919846663, 29.668761957041546], "NeuEmotion": [25.984111262620868, 20.59717241167484, 29.789793333616394, 23.62892299208789]}