{"NumberTweets": [33.96296023020734, 28.170884674979707, 21.072825204751716, 16.79332989006124], "UrduTweets": [40.42553191489361, 33.978078658929725, 7.479045776918117, 18.117343649258544], "Popularity": [45.208209868001184, -20.740577784694036, 6.594907231500716, 27.456305115804074], "NegEmotion": [21.082883844578454, 41.93382722267294, 13.677625632679941, 23.30566330006866], "PosEmotion": [37.8732435352866, 20.819722616683517, 16.23775810682716, 25.069275741202706], "NeuEmotion": [19.339895819473867, 23.864698015931218, 31.5177311240522, 25.277675040542718]}