{"NumberTweets": [26.242089672815403, 37.63296081863471, 19.294466137067456, 16.83048337148243], "UrduTweets": [28.960817717206133, 29.557069846678026, 12.691652470187393, 28.79045996592845], "Popularity": [36.67519446936139, -53.20002277276797, -5.334890926792235, 4.789891831078396], "NegEmotion": [24.277808928284358, 26.011838504780744, 24.70463467548396, 25.005717891450935], "PosEmotion": [20.08727130408679, 34.43736232475667, 20.808780052843154, 24.66658631831338], "NeuEmotion": [27.166314124335923, 20.943770549990255, 26.764685686888335, 25.125229638785502]}