{"NumberTweets": [25.782294731211554, 12.81091200855844, 45.266113934207006, 16.140679326023], "UrduTweets": [19.82484076433121, 10.35031847133758, 31.528662420382165, 38.296178343949045], "Popularity": [17.933473134203616, 61.99263392988126, 19.625693501094386, 0.44819943482073976], "NegEmotion": [31.173351629171346, 19.584623468875296, 27.901432426734157, 21.340592475219207], "PosEmotion": [17.23331458275425, 33.92852802940362, 32.0074149208948, 16.830742466947324], "NeuEmotion": [27.592403805294875, 21.80684145855522, 21.64657680634406, 28.95417792980586]}