{"NumberTweets": [23.470769230769232, 32.60307692307693, 27.544615384615383, 16.38153846153846], "UrduTweets": [36.18266978922717, 16.861826697892273, 23.302107728337237, 23.653395784543328], "Popularity": [3.0189700435572795, 81.29809234085505, -9.447233249406912, 6.235704366180757], "NegEmotion": [38.78541080691685, 22.91196919598131, 19.343415737987296, 18.95920425911453], "PosEmotion": [17.547970112478975, 35.34312618338, 21.966920981002477, 25.141982723138547], "NeuEmotion": [25.642915065511, 20.946974092232896, 27.35805808401213, 26.052052758243967]}