{"NumberTweets": [21.288332641319176, 43.88160626371671, 17.776855092235603, 17.053206002728512], "UrduTweets": [30.623818525519848, 27.551984877126657, 8.88468809073724, 32.93950850661626], "Popularity": [0.12305920032554508, 73.73947737482273, 10.123156084156822, 16.01430734069491], "NegEmotion": [36.0683600598658, 27.357125420396684, 17.251682242775235, 19.322832276962277], "PosEmotion": [19.460491976769255, 34.65475923808168, 15.5253263180091, 30.35942246713998], "NeuEmotion": [25.46214832481543, 20.0278483451508, 30.934557022151278, 23.57544630788248]}