{"NumberTweets": [29.579452441433812, 31.02455546147333, 27.569856054191362, 11.826136042901496], "UrduTweets": [38.12658227848102, 21.620253164556964, 18.835443037974684, 21.417721518987342], "Popularity": [23.158218452610075, 67.17616866094568, 5.334871592019767, 4.330741294424486], "NegEmotion": [27.962923385884412, 29.90325591491349, 23.057621362361573, 19.07619933684053], "PosEmotion": [25.650104889401497, 27.869297213037665, 18.6893434009411, 27.791254496619732], "NeuEmotion": [24.17854257889106, 22.852348435006334, 28.11546620176742, 24.853642784335182]}