{"NumberTweets": [34.72597999119109, 22.494179827597055, 33.159252501101115, 9.620587680110742], "UrduTweets": [40.74074074074074, 23.919753086419753, 19.70164609053498, 15.637860082304528], "Popularity": [3.1177409327898555, 83.90946934059008, 9.589656544705509, 3.383133181914561], "NegEmotion": [18.76592723302369, 29.752106325455195, 24.04716702917413, 27.43479941234699], "PosEmotion": [29.779008866862682, 30.51586404102088, 18.659434941190593, 21.045692150925838], "NeuEmotion": [23.975809326005976, 21.55397640101205, 28.13962802658871, 26.330586246393274]}