{"NumberTweets": [26.300979519145145, 30.949243098842388, 27.839715048975954, 14.910062333036509], "UrduTweets": [33.60730593607306, 19.93911719939117, 16.34703196347032, 30.10654490106545], "Popularity": [1.7297908940962583, 45.715475746576665, 22.920920400202487, 29.63381295912459], "NegEmotion": [32.81753553136238, 25.504976652816353, 25.725280563470886, 15.95220725235037], "PosEmotion": [17.794840032934562, 32.937853269426626, 24.3780380699869, 24.889268627651923], "NeuEmotion": [26.45611282789248, 21.740264810691418, 25.118898639599596, 26.684723721816507]}