{"NumberTweets": [28.37550822258632, 29.8197706171491, 29.5345591358699, 12.270162024394685], "UrduTweets": [39.42307692307692, 17.5, 21.778846153846153, 21.298076923076923], "Popularity": [27.352802459531926, -11.107482394794326, 22.902846593152596, 38.63686855252115], "NegEmotion": [31.43751638176664, 29.507124022859283, 22.572263992329525, 16.483095603044546], "PosEmotion": [20.647938519700386, 30.764341218726106, 21.680879252554377, 26.90684100901914], "NeuEmotion": [25.415718013664367, 21.83090612384909, 26.80411639551733, 25.94925946696921]}