{"NumberTweets": [28.50995820014753, 19.33857880501598, 35.16105237275633, 16.99041062208016], "UrduTweets": [39.62655601659751, 18.983402489626556, 21.78423236514523, 19.605809128630707], "Popularity": [2.109385435093261, 80.87543921340506, 14.074996270367171, -2.9401790811345028], "NegEmotion": [23.795451564233776, 26.59972715324178, 22.1525158734413, 27.452305409083134], "PosEmotion": [18.114326359572775, 29.832307662628153, 19.442495194121786, 32.610870783677285], "NeuEmotion": [27.971819891779653, 22.75083144514548, 27.80323176082297, 21.4741169022519]}