{"NumberTweets": [28.999898672611206, 29.40520822778397, 30.347552943560647, 11.24734015604418], "UrduTweets": [47.4325500435161, 18.189730200174065, 18.27676240208877, 16.100957354221062], "Popularity": [63.20945700264788, -13.234158757771318, 16.99079451482912, 6.56558972475168], "NegEmotion": [31.53943582257285, 28.87645854329517, 23.810294215895894, 15.77381141823608], "PosEmotion": [20.68646027789818, 30.070391582818072, 18.40595192938201, 30.83719620990173], "NeuEmotion": [25.408000070160607, 22.331929727401725, 27.755056748538664, 24.50501345389899]}