{"NumberTweets": [35.08202323991797, 19.873547505126453, 34.12508544087491, 10.919343814080657], "UrduTweets": [35.090909090909086, 19.454545454545453, 32.18181818181819, 13.272727272727272], "Popularity": [42.01466244847447, -4.0596037602143005, 42.291321795216305, 11.634411996094936], "NegEmotion": [25.821189853029264, 34.82401523212174, 16.458066958601318, 22.89672795624768], "PosEmotion": [25.16268782236058, 19.458857835535266, 25.34232864327205, 30.036125698832105], "NeuEmotion": [24.789710044717264, 25.471918413442047, 26.495366825132926, 23.243004716707773]}