{"NumberTweets": [34.951796669588084, 18.650306748466257, 35.4601226993865, 10.937773882559158], "UrduTweets": [37.67361111111111, 18.055555555555554, 35.59027777777778, 8.680555555555555], "Popularity": [12.913623300498852, 42.847696837311574, 42.85173036892084, 1.3869494932687287], "NegEmotion": [26.261079963644775, 23.80718037568546, 19.571300735116143, 30.360438925553623], "PosEmotion": [23.621870972209454, 27.614898841766728, 19.931532843024222, 28.831697342999608], "NeuEmotion": [25.400828727600445, 24.034306264392917, 28.3858228057361, 22.179042202270548]}