{"NumberTweets": [22.51250127564037, 41.106235330135725, 18.348811103173794, 18.03245229105011], "UrduTweets": [34.192200557103064, 23.050139275766014, 6.894150417827298, 35.863509749303624], "Popularity": [1.6122484648123798, -21.16146631826162, 36.79841170995863, 40.42787350696736], "NegEmotion": [34.64386356732832, 31.300881670468357, 19.24926736854731, 14.805987393656023], "PosEmotion": [18.161767403891073, 34.069115949498084, 18.36198533104415, 29.407131315566698], "NeuEmotion": [25.876438624932657, 20.155591572602034, 28.770630324351306, 25.197339478114]}