{"NumberTweets": [25.525525525525527, 34.43647729362015, 23.821780964638105, 16.216216216216218], "UrduTweets": [32.49877270495827, 20.71674030436917, 11.683848797250858, 35.100638193421695], "Popularity": [3.579259467160351, 20.63871153253067, 29.569553159711344, 46.21247584059765], "NegEmotion": [33.637401231462924, 27.333503920090692, 22.686734327973248, 16.342360520473147], "PosEmotion": [17.539634729227704, 33.237566391609654, 20.719510270658272, 28.503288608504366], "NeuEmotion": [26.47127365713791, 21.212844653684154, 27.173438828064246, 25.1424428611137]}