{"NumberTweets": [28.23790269988261, 30.11173427242294, 28.929176992304683, 12.721186035389763], "UrduTweets": [36.89542483660131, 17.15686274509804, 22.875816993464053, 23.0718954248366], "Popularity": [19.343645956355335, -11.073418597059092, 22.739475074493843, 46.843460372091734], "NegEmotion": [31.645587954411564, 29.074460537513215, 22.409162754599546, 16.870788753475694], "PosEmotion": [20.622121529695065, 31.308126771327455, 23.14426646986073, 24.925485229116752], "NeuEmotion": [25.37152527639982, 21.67065757898343, 26.276337688769047, 26.68147945584771]}