{"NumberTweets": [27.025238263325097, 31.565478291563714, 26.314860571831982, 15.094422873279209], "UrduTweets": [32.72794662713121, 21.275018532246108, 14.825796886582655, 31.17123795404003], "Popularity": [4.667173756850633, 29.08819212632283, 24.933982402761124, 41.310651714065415], "NegEmotion": [32.61913574495659, 27.23822584812646, 24.19307050928573, 15.949567897631226], "PosEmotion": [17.788861568412905, 32.47765600081417, 23.125182057907377, 26.60830037286554], "NeuEmotion": [26.49624753180658, 21.569778392387832, 25.90895826157837, 26.025015814227203]}