{"NA-1": [72.22735159999999, 36.2258842, "MMA::NA-1:Chitral", 53], "NA-2": [72.5327755, 35.428771600000005, "PTI::NA-2:Chitral", 50], "NA-3": [72.3284685, 34.7122823, "PTI::NA-3:Swat-I", 50], "NA-4": [72.300236, 34.9515467, "PTI::NA-4:Swat-II", 50], "NA-5": [72.0354449, 35.281353499999994, "PTI::NA-5:Swat-III", 50], "NA-6": [71.9426838, 34.760946399999995, "PTI::NA-6:Upper Dir", 50], "NA-7": [71.73152900000001, 34.9438867, "PTI::NA-7:Lower Dir-I", 50], "NA-8": [71.89500759999999, 34.5403448, "PTI::NA-8:Lower Dir-II", 50], "NA-9": [72.517353, 34.4655792, "PTI::NA-9:Malakand", 50], "NA-10": [72.73120909999999, 34.848915999999996, "PML-N::NA-10:Buner", 51], "NA-11": [73.2268627, 35.324897899999996, "MMA::NA-11:Shangla", 53], "NA-12": [73.12163620000001, 34.791472799999994, "PTI::NA-12:Kohistan-cum-Lower Kolai Pallas Kohistan", 50], "NA-13": [73.5774371, 34.758053100000005, "IND::NA-13:Battagram", 54], "NA-14": [72.9759532, 34.443194500000004, "PML-N::NA-14:Mansehra-I", 51], "NA-15": [73.3304886, 34.08323789999999, "PML-N::NA-15:Mansehra-cum-Torghar", 51], "NA-16": [73.1471476, 34.16858870000001, "PTI::NA-16:Abbottabad-I", 50], "NA-17": [72.89820300000001, 34.0093869, "PTI::NA-17:Abbottabad-II", 50], "NA-18": [72.589134, 34.130724900000004, "PTI::NA-18:Haripur", 50], "NA-19": [72.3284524, 34.1408042, "PTI::NA-19:Swabi-I", 50], "NA-20": [72.1887202, 34.3404862, "PTI::NA-20:Swabi-II", 50], "NA-21": [72.0655668, 34.1560023, "ANP::NA-21:Mardan-I", 57], "NA-22": [71.9728069, 34.3667217, "PTI::NA-22:Mardan-II", 50], "NA-23": [71.66111120000001, 34.303562, "PTI::NA-23:Mardan-III", 50], "NA-24": [71.7829325, 34.1772279, "PTI::NA-24:Charsadda-I", 50], "NA-25": [72.0781433, 33.9068046, "PTI::NA-25:Charsadda-II", 50], "NA-26": [71.8708863, 33.9530377, "PTI::NA-26:Nowshera-I", 50], "NA-27": [71.50337979999999, 34.109523700000004, "PTI::NA-27:Nowshera-II", 50], "NA-28": [71.67749909999999, 33.9868725, "PTI::NA-28:Peshawar-I", 50], "NA-29": [71.57460259999999, 33.8581259, "PTI::NA-29:Peshawar-II", 50], "NA-30": [71.46347790000002, 34.010471, "PTI::NA-30:Peshawar-III", 50], "NA-31": [71.58187790000001, 34.0103244, "PTI::NA-31:Peshawar-IV", 50], "NA-32": [71.5388823, 33.4575992, "PTI::NA-32:Peshawar-V", 50], "NA-33": [70.84725759999999, 33.4316559, "PTI::NA-33:Kohat", 50], "NA-34": [71.1091611, 33.1387171, "PTI::NA-34:Hangu", 50], "NA-35": [70.6573148, 32.9209999, "PTI::NA-35:Karak", 50], "NA-36": [70.8343288, 32.600411699999995, "MMA::NA-36:Bannu", 53], "NA-37": [70.39322440000001, 32.2455122, "MMA::NA-37:LAKKI MARWAT", 53], "NA-38": [71.01152929999999, 32.1723597, "PTI::NA-38:Tank", 50], "NA-39": [70.57602609999999, 31.753612300000004, "PTI::NA-39:Dera Ismail Khan-I", 50], "NA-40": [71.52346159999999, 34.6837789, "PTI::NA-40:Dera Ismail Khan-II", 50], "NA-41": [71.43984090000001, 34.830971999999996, "PTI::NA-41:Tribal Area-I", 50], "NA-42": [71.3396299, 34.4486919, "PTI::NA-42:Tribal Area - II", 50], "NA-43": [71.18757059999999, 34.0736507, "PTI::NA-43:Tribal Area - III", 50], "NA-44": [70.9530909, 33.8545294, "PTI::NA-44:Tribal Area - IV", 50], "NA-45": [70.43328670000001, 33.6177816, "MMA::NA-45:Tribal Area - V", 53], "NA-46": [70.1069102, 33.8616571, "PPPP::NA-46:Tribal Area - VI", 52], "NA-47": [70.9910469, 33.6964158, "PTI::NA-47:Tribal Area - VII ", 50], "NA-48": [69.961074, 32.9332232, "IND::NA-48:Tribal Area - VIII ", 54], "NA-49": [69.979927, 32.522679600000004, "MMA::NA-49:TRIBAL AREA-IX NORTH WAZIR1STAN TRIBAL DISTRICT ", 53], "NA-50": [69.6348051, 32.2335166, "IND::NA-50:Tribal Area - X", 54], "NA-51": [70.4805652, 32.451956800000005, "MMA::NA-51:Tribal Area - XI", 53], "NA-52": [73.2264612, 33.632413899999996, "PTI::NA-52:Tribal Area - XII", 50], "NA-53": [73.13099009999999, 33.7351174, "PTI::NA-53:Islamabad-I", 50], "NA-54": [72.94658890000001, 33.6743039, "PTI::NA-54:Islamabad-II", 50], "NA-55": [72.43554830000001, 33.8166075, "PTI::NA-55:Islamabad-III", 50], "NA-56": [72.27243179999999, 33.4041717, "PTI::NA-56:Attock-I", 50], "NA-57": [73.4152381, 33.676711499999996, "PTI::NA-57:Attock-II", 50], "NA-58": [73.2848777, 33.272809, "PPPP::NA-58:RAWALPINDI-I", 52], "NA-59": [72.9181593, 33.344667, "PTI::NA-59:Rawalpindi-II", 50], "NA-61": [73.0313859, 33.5840472, "PTI::NA-61:Rawalpindi-III", 50], "NA-62": [73.0602201, 33.6233925, "Awami Muslim League Pakistan::NA-62:Rawalpindi-V", 57], "NA-63": [72.84200320000001, 33.6100108, "PTI::NA-63:Rawalpindi-VI", 50], "NA-64": [72.9249166, 32.9267886, "PTI::NA-64:Rawalpindi-VII", 50], "NA-65": [72.3117905, 32.884688399999995, "PML-Q::NA-65:Chakwal-I", 57], "NA-66": [73.4486453, 33.0019951, "PTI::NA-66:Chakwal-II", 50], "NA-67": [73.1359499, 32.6558689, "PTI::NA-67:Jhelum-I", 50], "NA-68": [74.2337272, 32.7043752, "PML-Q::NA-68:Jhelum-II", 57], "NA-69": [73.98756709999999, 32.5110828, "PML-Q::NA-69:Gujrat-I", 57], "NA-70": [73.8629994, 32.6605567, "PTI::NA-70:Gujrat-II", 50], "NA-71": [73.8878956, 32.8654503, "PML-N::NA-71:Gujrat-III", 51], "NA-72": [74.5700313, 32.5994319, "PML-N::NA-72:Gujrat-IV", 51], "NA-73": [74.53361640000001, 32.4990418, "PML-N::NA-73:Sialkot-I", 51], "NA-74": [74.7036768, 32.320297700000005, "PML-N::NA-74:Sialkot-II", 51], "NA-75": [74.4124391, 32.2516682, "PML-N::NA-75:Sialkot-III", 51], "NA-76": [74.3735929, 32.4809434, "PML-N::NA-76:Sialkot-IV", 51], "NA-77": [75.0817485, 32.307928600000004, "PML-N::NA-77:Sialkot-V", 51], "NA-78": [74.9108003, 32.1086665, "PML-N::NA-78:Narowal-I", 51], "NA-79": [73.96701709999999, 32.3248003, "PML-N::NA-79:Narowal-II", 51], "NA-80": [74.09777740000001, 32.1947546, "PML-N::NA-80:Gujranwala-I", 51], "NA-81": [74.2148071, 32.1907823, "PML-N::NA-81:Gujranwala-II", 51], "NA-82": [74.1708579, 32.134576, "PML-N::NA-82:Gujranwala-III", 51], "NA-83": [74.3148861, 32.0276651, "PML-N::NA-83:Gujranwala-IV", 51], "NA-84": [74.0064171, 32.0072143, "PML-N::NA-84:Gujranwala-V", 51], "NA-85": [73.63878890000001, 32.512213300000006, "PTI::NA-85:Gujranwala-VI", 50], "NA-86": [73.3285194, 32.385352600000004, "PML-N::NA-86:Mandi Bahauddin-I", 51], "NA-87": [73.5033936, 32.0267526, "PTI::NA-87:Mandi Bahauddin-II", 50], "NA-88": [72.9099411, 32.3505294, "PML-N::NA-88:Hafizabad-I", 51], "NA-89": [73.0190637, 32.0900023, "PML-N::NA-89:Sargodha-I", 51], "NA-90": [72.65652990000001, 32.0882707, "PML-N::NA-90:Sargodha-II", 51], "NA-91": [72.6115184, 31.8931195, "PML-N::NA-91:Sargodha-III", 51], "NA-92": [72.45164220000001, 32.0601932, "PML-N::NA-92:Sargodha-IV", 51], "NA-93": [72.1878147, 32.4273187, "PTI::NA-93:Sargodha-V", 50], "NA-94": [72.0237896, 31.957806599999998, "PTI::NA-94:Khushab-I", 50], "NA-95": [71.5365137, 32.804710899999996, "PTI::NA-95:Khushab-II", 50], "NA-96": [71.5212875, 32.3612611, "PTI::NA-96:Mianwali-I", 50], "NA-97": [71.402351, 31.9008216, "IND::NA-97:Mianwali-II", 54], "NA-98": [71.4469166, 31.441251399999995, "PTI::NA-98:Bhakkar-I", 50], "NA-99": [72.75343570000001, 31.6726599, "PTI::NA-99:Bhakkar-II", 50], "NA-100": [72.9487351, 31.649960800000002, "PML-N::NA-100:Chiniot-I", 51], "NA-101": [73.2915032, 31.582624699999997, "IND::NA-101:Chiniot-II", 54], "NA-102": [73.4756558, 31.3349818, "PTI::NA-102:Faisalabad-I", 50], "NA-104": [72.904387, 30.903431899999998, "PML-N::NA-104:Faisalabad-II", 51], "NA-105": [72.998132, 31.2352757, "PTI::NA-105:Faisalabad-IV", 50], "NA-106": [72.9757311, 31.4500651, "PML-N::NA-106:Faisalabad-V", 51], "NA-107": [73.1882839, 31.4413165, "PTI::NA-107:Faisalabad-VI", 50], "NA-108": [73.1141583, 31.4709624, "PTI::NA-108:Faisalabad-VII", 50], "NA-109": [73.1071412, 31.3927251, "PTI::NA-109:Faisalabad-VIII", 50], "NA-110": [73.0507495, 31.424086600000003, "PTI::NA-110:Faisalabad-IX", 50], "NA-111": [72.661523, 31.131767600000003, "PML-N::NA-111:Faisalabad-X", 51], "NA-112": [72.5259574, 30.8993788, "PML-N::NA-112:Toba Tek Singh-I", 51], "NA-113": [72.48648349999999, 30.6725907, "PTI::NA-113:Toba Tek Singh-II", 50], "NA-114": [72.0857285, 31.2756374, "PTI::NA-114:Toba Tek Singh-III", 50],