{"NA-1": [72.22735159999999, 36.2258842, "MMA", 3], "NA-2": [72.5327755, 35.428771600000005, "PTI", 0], "NA-3": [72.3284685, 34.7122823, "PTI", 0], "NA-4": [72.300236, 34.9515467, "PTI", 0], "NA-5": [72.0354449, 35.281353499999994, "PTI", 0], "NA-6": [71.9426838, 34.760946399999995, "PTI", 0], "NA-7": [71.73152900000001, 34.9438867, "PTI", 0], "NA-8": [71.89500759999999, 34.5403448, "PTI", 0], "NA-9": [72.517353, 34.4655792, "PTI", 0], "NA-10": [72.73120909999999, 34.848915999999996, "PML-N", 1], "NA-11": [73.2268627, 35.324897899999996, "MMA", 3], "NA-12": [73.12163620000001, 34.791472799999994, "PTI", 0], "NA-13": [73.5774371, 34.758053100000005, "IND", 4], "NA-14": [72.9759532, 34.443194500000004, "PML-N", 1], "NA-15": [73.3304886, 34.08323789999999, "PML-N", 1], "NA-16": [73.1471476, 34.16858870000001, "PTI", 0], "NA-17": [72.89820300000001, 34.0093869, "PTI", 0], "NA-18": [72.589134, 34.130724900000004, "PTI", 0], "NA-19": [72.3284524, 34.1408042, "PTI", 0], "NA-20": [72.1887202, 34.3404862, "PTI", 0], "NA-21": [72.0655668, 34.1560023, "ANP", 12], "NA-22": [71.9728069, 34.3667217, "PTI", 0], "NA-23": [71.66111120000001, 34.303562, "PTI", 0], "NA-24": [71.7829325, 34.1772279, "PTI", 0], "NA-25": [72.0781433, 33.9068046, "PTI", 0], "NA-26": [71.8708863, 33.9530377, "PTI", 0], "NA-27": [71.50337979999999, 34.109523700000004, "PTI", 0], "NA-28": [71.67749909999999, 33.9868725, "PTI", 0], "NA-29": [71.57460259999999, 33.8581259, "PTI", 0], "NA-30": [71.46347790000002, 34.010471, "PTI", 0], "NA-31": [71.58187790000001, 34.0103244, "PTI", 0], "NA-32": [71.5388823, 33.4575992, "PTI", 0], "NA-33": [70.84725759999999, 33.4316559, "PTI", 0], "NA-34": [71.1091611, 33.1387171, "PTI", 0], "NA-35": [70.6573148, 32.9209999, "PTI", 0], "NA-36": [70.8343288, 32.600411699999995, "MMA", 3], "NA-37": [70.39322440000001, 32.2455122, "MMA", 3], "NA-38": [71.01152929999999, 32.1723597, "PTI", 0], "NA-39": [70.57602609999999, 31.753612300000004, "PTI", 0], "NA-40": [71.52346159999999, 34.6837789, "PTI", 0], "NA-41": [71.43984090000001, 34.830971999999996, "PTI", 0], "NA-42": [71.3396299, 34.4486919, "PTI", 0], "NA-43": [71.18757059999999, 34.0736507, "PTI", 0], "NA-44": [70.9530909, 33.8545294, "PTI", 0], "NA-45": [70.43328670000001, 33.6177816, "MMA", 3], "NA-46": [70.1069102, 33.8616571, "PPPP", 2], "NA-47": [70.9910469, 33.6964158, "PTI", 0], "NA-48": [69.961074, 32.9332232, "IND", 4], "NA-49": [69.979927, 32.522679600000004, "MMA", 3], "NA-50": [69.6348051, 32.2335166, "IND", 4], "NA-51": [70.4805652, 32.451956800000005, "MMA", 3], "NA-52": [73.2264612, 33.632413899999996, "PTI", 0], "NA-53": [73.13099009999999, 33.7351174, "PTI", 0], "NA-54": [72.94658890000001, 33.6743039, "PTI", 0], "NA-55": [72.43554830000001, 33.8166075, "PTI", 0], "NA-56": [72.27243179999999, 33.4041717, "PTI", 0], "NA-57": [73.4152381, 33.676711499999996, "PTI", 0], "NA-58": [73.2848777, 33.272809, "PPPP", 2], "NA-59": [72.9181593, 33.344667, "PTI", 0], "NA-61": [73.0313859, 33.5840472, "PTI", 0], "NA-62": [73.0602201, 33.6233925, "Awami Muslim League Pakistan", 10], "NA-63": [72.84200320000001, 33.6100108, "PTI", 0], "NA-64": [72.9249166, 32.9267886, "PTI", 0], "NA-65": [72.3117905, 32.884688399999995, "PML-Q", 6], "NA-66": [73.4486453, 33.0019951, "PTI", 0], "NA-67": [73.1359499, 32.6558689, "PTI", 0], "NA-68": [74.2337272, 32.7043752, "PML-Q", 6], "NA-69": [73.98756709999999, 32.5110828, "PML-Q", 6], "NA-70": [73.8629994, 32.6605567, "PTI", 0], "NA-71": [73.8878956, 32.8654503, "PML-N", 1], "NA-72": [74.5700313, 32.5994319, "PML-N", 1], "NA-73": [74.53361640000001, 32.4990418, "PML-N", 1], "NA-74": [74.7036768, 32.320297700000005, "PML-N", 1], "NA-75": [74.4124391, 32.2516682, "PML-N", 1], "NA-76": [74.3735929, 32.4809434, "PML-N", 1], "NA-77": [75.0817485, 32.307928600000004, "PML-N", 1], "NA-78": [74.9108003, 32.1086665, "PML-N", 1], "NA-79": [73.96701709999999, 32.3248003, "PML-N", 1], "NA-80": [74.09777740000001, 32.1947546, "PML-N", 1], "NA-81": [74.2148071, 32.1907823, "PML-N", 1], "NA-82": [74.1708579, 32.134576, "PML-N", 1], "NA-83": [74.3148861, 32.0276651, "PML-N", 1], "NA-84": [74.0064171, 32.0072143, "PML-N", 1], "NA-85": [73.63878890000001, 32.512213300000006, "PTI", 0], "NA-86": [73.3285194, 32.385352600000004, "PML-N", 1], "NA-87": [73.5033936, 32.0267526, "PTI", 0], "NA-88": [72.9099411, 32.3505294, "PML-N", 1], "NA-89": [73.0190637, 32.0900023, "PML-N", 1], "NA-90": [72.65652990000001, 32.0882707, "PML-N", 1], "NA-91": [72.6115184, 31.8931195, "PML-N", 1], "NA-92": [72.45164220000001, 32.0601932, "PML-N", 1], "NA-93": [72.1878147, 32.4273187, "PTI", 0], "NA-94": [72.0237896, 31.957806599999998, "PTI", 0], "NA-95": [71.5365137, 32.804710899999996, "PTI", 0], "NA-96": [71.5212875, 32.3612611, "PTI", 0], "NA-97": [71.402351, 31.9008216, "IND", 4], "NA-98": [71.4469166, 31.441251399999995, "PTI", 0], "NA-99": [72.75343570000001, 31.6726599, "PTI", 0], "NA-100": [72.9487351, 31.649960800000002, "PML-N", 1], "NA-101": [73.2915032, 31.582624699999997, "IND", 4], "NA-102": [73.4756558, 31.3349818, "PTI", 0], "NA-104": [72.904387, 30.903431899999998, "PML-N", 1], "NA-105": [72.998132, 31.2352757, "PTI", 0], "NA-106": [72.9757311, 31.4500651, "PML-N", 1], "NA-107": [73.1882839, 31.4413165, "PTI", 0], "NA-108": [73.1141583, 31.4709624, "PTI", 0], "NA-109": [73.1071412, 31.3927251, "PTI", 0], "NA-110": [73.0507495, 31.424086600000003, "PTI", 0], "NA-111": [72.661523, 31.131767600000003, "PML-N", 1], "NA-112": [72.5259574, 30.8993788, "PML-N", 1], "NA-113": [72.48648349999999, 30.6725907, "PTI", 0], "NA-114": [72.0857285, 31.2756374, "PTI", 0], "NA-115": [72.51056120000001, 31.3536423, "PTI", 0], "NA-116": [72.1722374, 30.9262224, "PTI", 0], "NA-117": [73.604629, 31.594056, "PML-N", 1], "NA-118": [73.7513983, 31.301612100000003, "PTI", 0], "NA-119": [74.39930840000001, 31.8300648, "PTI", 0], "NA-120": [74.1010821, 31.5796484, "PML-N", 1], "NA-121": [73.97403829999999, 31.7295147, "PML-N", 1], "NA-122": [73.721921, 31.761054499999997, "PML-N", 1], "NA-123": [74.2931533, 31.6275703, "PML-N", 1], "NA-124": [74.3429973, 31.5987483, "PML-N", 1], "NA-125": [74.2941778, 31.5777585, "PML-N", 1], "NA-126": [74.26589, 31.545668, "PTI", 0], "NA-127": [74.382452, 31.5970356, "PML-N", 1], "NA-128": [74.47222509999999, 31.641872600000003, "PML-N", 1], "NA-129": [74.3969563, 31.5568997, "PML-N", 1], "NA-130": [74.325076, 31.5165602, "PTI", 0], "NA-131": [74.39007990000002, 31.4992354, "PTI", 0], "NA-132": [74.5005943, 31.455005600000003, "PML-N", 1], "NA-133": [74.3162082, 31.465642699999997, "PML-N", 1], "NA-134": [74.3379999, 31.3893794, "PML-N", 1], "NA-135": [74.2396, 31.4799809, "PTI", 0], "NA-136": [74.1692852, 31.354334299999998, "PML-N", 1], "NA-137": [74.48951679999999, 31.141011600000002, "PML-N", 1], "NA-138": [74.25943659999999, 31.0950619, "PML-N", 1], "NA-139": [74.0605056, 30.912652, "PML-N", 1], "NA-140": [73.87100799999999, 31.138661499999998, "PTI", 0], "NA-141": [73.51485699999999, 30.941176000000002, "PML-N", 1], "NA-142": [73.4307316, 30.706919199999998, "PML-N", 1], "NA-143": [73.702118, 30.727869899999998, "PML-N", 1], "NA-144": [73.8662405, 30.544802299999997, "PML-N", 1], "NA-145": [73.3995546, 30.373735800000002, "PML-N", 1], "NA-146": [73.09080159999999, 30.2310103, "PML-N", 1], "NA-147": [73.24233259999998, 30.7095124, "PML-N", 1], "NA-148": [72.9791683, 30.5854723, "PML-N", 1], "NA-149": [72.59686020000001, 30.4129968, "PTI", 0], "NA-150": [71.85650809999999, 30.5196968, "IND", 4], "NA-151": [72.01746109999999, 30.4188489, "PML-N", 1], "NA-152": [72.31904940000001, 30.4189984, "PTI", 0], "NA-153": [71.9644575, 30.1568117, "PML-N", 1], "NA-154": [71.4425078, 30.2317729, "PTI", 0], "NA-155": [71.5024804, 30.2264021, "PTI", 0], "NA-156": [71.4741313, 30.1692516, "PTI", 0], "NA-157": [71.65293869999999, 30.183500800000004, "PTI", 0], "NA-158": [71.417363, 29.956669800000004, "PTI", 0], "NA-159": [71.2425663, 29.628164, "PTI", 0],