{"NA-1": [72.22735159999999, 72.22735159999999, "MMA", "PTI"], "NA-2": [72.5327755, 72.5327755, "MMA", "PTI"], "NA-3": [72.3284685, 72.3284685, "MMA", "PTI"], "NA-4": [72.300236, 72.300236, "MMA", "PTI"], "NA-5": [72.0354449, 72.0354449, "MMA", "PTI"], "NA-6": [71.9426838, 71.9426838, "MMA", "PTI"], "NA-7": [71.73152900000001, 71.73152900000001, "MMA", "PTI"], "NA-8": [71.89500759999999, 71.89500759999999, "MMA", "PTI"], "NA-9": [72.517353, 72.517353, "MMA", "PTI"], "NA-10": [72.73120909999999, 72.73120909999999, "MMA", "PTI"], "NA-11": [73.2268627, 73.2268627, "MMA", "PTI"], "NA-12": [73.12163620000001, 73.12163620000001, "MMA", "PTI"], "NA-13": [73.5774371, 73.5774371, "MMA", "PTI"], "NA-14": [72.9759532, 72.9759532, "MMA", "PTI"], "NA-15": [73.3304886, 73.3304886, "MMA", "PTI"], "NA-16": [73.1471476, 73.1471476, "MMA", "PTI"], "NA-17": [72.89820300000001, 72.89820300000001, "MMA", "PTI"], "NA-18": [72.589134, 72.589134, "MMA", "PTI"], "NA-19": [72.3284524, 72.3284524, "MMA", "PTI"], "NA-20": [72.1887202, 72.1887202, "MMA", "PTI"], "NA-21": [72.0655668, 72.0655668, "MMA", "PTI"], "NA-22": [71.9728069, 71.9728069, "MMA", "PTI"], "NA-23": [71.66111120000001, 71.66111120000001, "MMA", "PTI"], "NA-24": [71.7829325, 71.7829325, "MMA", "PTI"], "NA-25": [72.0781433, 72.0781433, "MMA", "PTI"], "NA-26": [71.8708863, 71.8708863, "MMA", "PTI"], "NA-27": [71.50337979999999, 71.50337979999999, "MMA", "PTI"], "NA-28": [71.67749909999999, 71.67749909999999, "MMA", "PTI"], "NA-29": [71.57460259999999, 71.57460259999999, "MMA", "PTI"], "NA-30": [71.46347790000002, 71.46347790000002, "MMA", "PTI"], "NA-31": [71.58187790000001, 71.58187790000001, "MMA", "PTI"], "NA-32": [71.5388823, 71.5388823, "MMA", "PTI"], "NA-33": [70.84725759999999, 70.84725759999999, "MMA", "PTI"], "NA-34": [71.1091611, 71.1091611, "MMA", "PTI"], "NA-35": [70.6573148, 70.6573148, "MMA", "PTI"], "NA-36": [70.8343288, 70.8343288, "MMA", "PTI"], "NA-37": [70.39322440000001, 70.39322440000001, "MMA", "PTI"], "NA-38": [71.01152929999999, 71.01152929999999, "MMA", "PTI"], "NA-39": [70.57602609999999, 70.57602609999999, "MMA", "PTI"], "NA-40": [71.52346159999999, 71.52346159999999, "MMA", "PTI"], "NA-41": [71.43984090000001, 71.43984090000001, "MMA", "PTI"], "NA-42": [71.3396299, 71.3396299, "MMA", "PTI"], "NA-43": [71.18757059999999, 71.18757059999999, "MMA", "PTI"], "NA-44": [70.9530909, 70.9530909, "MMA", "PTI"], "NA-45": [70.43328670000001, 70.43328670000001, "MMA", "PTI"], "NA-46": [70.1069102, 70.1069102, "MMA", "PTI"], "NA-47": [70.9910469, 70.9910469, "MMA", "PTI"], "NA-48": [69.961074, 69.961074, "MMA", "PTI"], "NA-49": [69.979927, 69.979927, "MMA", "PTI"], "NA-50": [69.6348051, 69.6348051, "MMA", "PTI"], "NA-51": [70.4805652, 70.4805652, "MMA", "PTI"], "NA-52": [73.2264612, 73.2264612, "MMA", "PTI"], "NA-53": [73.13099009999999, 73.13099009999999, "MMA", "PTI"], "NA-54": [72.94658890000001, 72.94658890000001, "MMA", "PTI"], "NA-55": [72.43554830000001, 72.43554830000001, "MMA", "PTI"], "NA-56": [72.27243179999999, 72.27243179999999, "MMA", "PTI"], "NA-57": [73.4152381, 73.4152381, "MMA", "PTI"], "NA-58": [73.2848777, 73.2848777, "MMA", "PTI"], "NA-59": [72.9181593, 72.9181593, "MMA", "PTI"], "NA-61": [73.0313859, 73.0313859, "MMA", "PTI"], "NA-62": [73.0602201, 73.0602201, "MMA", "PTI"], "NA-63": [72.84200320000001, 72.84200320000001, "MMA", "PTI"], "NA-64": [72.9249166, 72.9249166, "MMA", "PTI"], "NA-65": [72.3117905, 72.3117905, "MMA", "PTI"], "NA-66": [73.4486453, 73.4486453, "MMA", "PTI"], "NA-67": [73.1359499, 73.1359499, "MMA", "PTI"], "NA-68": [74.2337272, 74.2337272, "MMA", "PTI"], "NA-69": [73.98756709999999, 73.98756709999999, "MMA", "PTI"], "NA-70": [73.8629994, 73.8629994, "MMA", "PTI"], "NA-71": [73.8878956, 73.8878956, "MMA", "PTI"], "NA-72": [74.5700313, 74.5700313, "MMA", "PTI"], "NA-73": [74.53361640000001, 74.53361640000001, "MMA", "PTI"], "NA-74": [74.7036768, 74.7036768, "MMA", "PTI"], "NA-75": [74.4124391, 74.4124391, "MMA", "PTI"], "NA-76": [74.3735929, 74.3735929, "MMA", "PTI"], "NA-77": [75.0817485, 75.0817485, "MMA", "PTI"], "NA-78": [74.9108003, 74.9108003, "MMA", "PTI"], "NA-79": [73.96701709999999, 73.96701709999999, "MMA", "PTI"], "NA-80": [74.09777740000001, 74.09777740000001, "MMA", "PTI"], "NA-81": [74.2148071, 74.2148071, "MMA", "PTI"], "NA-82": [74.1708579, 74.1708579, "MMA", "PTI"], "NA-83": [74.3148861, 74.3148861, "MMA", "PTI"], "NA-84": [74.0064171, 74.0064171, "MMA", "PTI"], "NA-85": [73.63878890000001, 73.63878890000001, "MMA", "PTI"], "NA-86": [73.3285194, 73.3285194, "MMA", "PTI"], "NA-87": [73.5033936, 73.5033936, "MMA", "PTI"], "NA-88": [72.9099411, 72.9099411, "MMA", "PTI"], "NA-89": [73.0190637, 73.0190637, "MMA", "PTI"], "NA-90": [72.65652990000001, 72.65652990000001, "MMA", "PTI"], "NA-91": [72.6115184, 72.6115184, "MMA", "PTI"], "NA-92": [72.45164220000001, 72.45164220000001, "MMA", "PTI"], "NA-93": [72.1878147, 72.1878147, "MMA", "PTI"], "NA-94": [72.0237896, 72.0237896, "MMA", "PTI"], "NA-95": [71.5365137, 71.5365137, "MMA", "PTI"], "NA-96": [71.5212875, 71.5212875, "MMA", "PTI"], "NA-97": [71.402351, 71.402351, "MMA", "PTI"], "NA-98": [71.4469166, 71.4469166, "MMA", "PTI"], "NA-99": [72.75343570000001, 72.75343570000001, "MMA", "PTI"], "NA-100": [72.9487351, 72.9487351, "MMA", "PTI"], "NA-101": [73.2915032, 73.2915032, "MMA", "PTI"], "NA-102": [73.4756558, 73.4756558, "MMA", "PTI"], "NA-104": [72.904387, 72.904387, "MMA", "PTI"], "NA-105": [72.998132, 72.998132, "MMA", "PTI"], "NA-106": [72.9757311, 72.9757311, "MMA", "PTI"], "NA-107": [73.1882839, 73.1882839, "MMA", "PTI"], "NA-108": [73.1141583, 73.1141583, "MMA", "PTI"], "NA-109": [73.1071412, 73.1071412, "MMA", "PTI"], "NA-110": [73.0507495, 73.0507495, "MMA", "PTI"], "NA-111": [72.661523, 72.661523, "MMA", "PTI"], "NA-112": [72.5259574, 72.5259574, "MMA", "PTI"], "NA-113": [72.48648349999999, 72.48648349999999, "MMA", "PTI"], "NA-114": [72.0857285, 72.0857285, "MMA", "PTI"], "NA-115": [72.51056120000001, 72.51056120000001, "MMA", "PTI"], "NA-116": [72.1722374, 72.1722374, "MMA", "PTI"], "NA-117": [73.604629, 73.604629, "MMA", "PTI"], "NA-118": [73.7513983, 73.7513983, "MMA", "PTI"], "NA-119": [74.39930840000001, 74.39930840000001, "MMA", "PTI"], "NA-120": [74.1010821, 74.1010821, "MMA", "PTI"], "NA-121": [73.97403829999999, 73.97403829999999, "MMA", "PTI"], "NA-122": [73.721921, 73.721921, "MMA", "PTI"], "NA-123": [74.2931533, 74.2931533, "MMA", "PTI"], "NA-124": [74.3429973, 74.3429973, "MMA", "PTI"], "NA-125": [74.2941778, 74.2941778, "MMA", "PTI"], "NA-126": [74.26589, 74.26589, "MMA", "PTI"], "NA-127": [74.382452, 74.382452, "MMA", "PTI"], "NA-128": [74.47222509999999, 74.47222509999999, "MMA", "PTI"], "NA-129": [74.3969563, 74.3969563, "MMA", "PTI"], "NA-130": [74.325076, 74.325076, "MMA", "PTI"], "NA-131": [74.39007990000002, 74.39007990000002, "MMA", "PTI"], "NA-132": [74.5005943, 74.5005943, "MMA", "PTI"], "NA-133": [74.3162082, 74.3162082, "MMA", "PTI"], "NA-134": [74.3379999, 74.3379999, "MMA", "PTI"], "NA-135": [74.2396, 74.2396, "MMA", "PTI"], "NA-136": [74.1692852, 74.1692852, "MMA", "PTI"], "NA-137": [74.48951679999999, 74.48951679999999, "MMA", "PTI"], "NA-138": [74.25943659999999, 74.25943659999999, "MMA", "PTI"], "NA-139": [74.0605056, 74.0605056, "MMA", "PTI"], "NA-140": [73.87100799999999, 73.87100799999999, "MMA", "PTI"], "NA-141": [73.51485699999999, 73.51485699999999, "MMA", "PTI"], "NA-142": [73.4307316, 73.4307316, "MMA", "PTI"], "NA-143": [73.702118, 73.702118, "MMA", "PTI"], "NA-144": [73.8662405, 73.8662405, "MMA", "PTI"], "NA-145": [73.3995546, 73.3995546, "MMA", "PTI"], "NA-146": [73.09080159999999, 73.09080159999999, "MMA", "PTI"], "NA-147": [73.24233259999998, 73.24233259999998, "MMA", "PTI"], "NA-148": [72.9791683, 72.9791683, "MMA", "PTI"], "NA-149": [72.59686020000001, 72.59686020000001, "MMA", "PTI"], "NA-150": [71.85650809999999, 71.85650809999999, "MMA", "PTI"], "NA-151": [72.01746109999999, 72.01746109999999, "MMA", "PTI"],