{"NumberTweets": [1027.0, 656.0, 2025.0, 682.0], "UrduTweets": [187.0, 56.0, 168.0, 146.0], "Popularity": [0.052153998243108714, 0.13310633710928707, 0.10022470530026002, -0.00852204365600184], "NegEmotion": [0.09542356377799416, 0.09451219512195122, 0.08345679012345679, 0.09530791788856305], "PosEmotion": [0.14703018500486856, 0.3155487804878049, 0.3412345679012346, 0.2785923753665689], "NeuEmotion": [0.7565725413826679, 0.5884146341463414, 0.5748148148148148, 0.624633431085044]}