{"NumberTweets": [6125.0, 7154.0, 5964.0, 3421.0], "UrduTweets": [883.0, 574.0, 400.0, 841.0], "Popularity": [0.022115527677196628, 0.13783517639664636, 0.1181503425111595, 0.19575162806064839], "NegEmotion": [0.6119025526047488, 0.5109620333049512, 0.4538379470175723, 0.2991980347306499], "PosEmotion": [0.7225045944298591, 1.3190982225960544, 0.9392422454696572, 1.0807110503069859], "NeuEmotion": [2.6627549087093247, 2.1676666941293083, 2.603734951817117, 2.6153982191396876]}