{"NumberTweets": [2319.0, 1573.0, 2860.0, 1382.0], "UrduTweets": [382.0, 183.0, 210.0, 189.0], "Popularity": [0.003913518464476434, 0.1500472694172692, 0.026113178215380787, -0.0054548803321847646], "NegEmotion": [0.25355538365416086, 0.2834366897904842, 0.2360488787545379, 0.29252144307501426], "PosEmotion": [0.35360298711731275, 0.5823453156751454, 0.37952967398217985, 0.6365846067199241], "NeuEmotion": [1.39111674749338, 1.1314624062784668, 1.3827323887598473, 1.0679678253302476]}