{"NumberTweets": [4676.0, 4914.0, 4867.0, 2022.0], "UrduTweets": [820.0, 364.0, 453.0, 443.0], "Popularity": [0.13663343221693197, -0.055484385745674214, 0.11440489661671971, 0.19299989345719668], "NegEmotion": [0.4783337522661251, 0.44896209932863174, 0.3434455699832158, 0.2507965601677883], "PosEmotion": [0.6096818520696471, 0.9083938580134672, 0.6401820019264346, 0.7944915490750095], "NeuEmotion": [1.9099176874125265, 1.6405294438569478, 2.014251809519572, 1.9500117842264286]}