{"NumberTweets": [1166.0, 2238.0, 837.0, 732.0], "UrduTweets": [225.0, 215.0, 105.0, 184.0], "Popularity": [-0.014434419959618255, 0.009586637845749603, 0.0009433083465061633, -0.004207415800951656], "NegEmotion": [0.13893653516295026, 0.12377122430741734, 0.11708482676224612, 0.1407103825136612], "PosEmotion": [0.2444253859348199, 0.3552278820375335, 0.2031063321385902, 0.2459016393442623], "NeuEmotion": [0.6157804459691252, 0.5205540661304736, 0.6786140979689367, 0.6120218579234973]}