{"NumberTweets": [2206.0, 4028.0, 1798.0, 1767.0], "UrduTweets": [491.0, 331.0, 99.0, 515.0], "Popularity": [0.004130363064917172, -0.05421282189938881, 0.09427256647573617, 0.10357075796363274], "NegEmotion": [0.3363269778112785, 0.3038728897715988, 0.1868743047830923, 0.1437383848352409], "PosEmotion": [0.3652724059955268, 0.6852035749751738, 0.3692992213570634, 0.5914409853504736], "NeuEmotion": [1.2965833405414755, 1.0099304865938432, 1.4416017797552838, 1.2625559130000128]}