{"NumberTweets": [4165.0, 5619.0, 3887.0, 2646.0], "UrduTweets": [662.0, 422.0, 238.0, 715.0], "Popularity": [0.012475619140157058, 0.07193686486989873, 0.10306558849667766, 0.16107500822464882], "NegEmotion": [0.464453573012912, 0.37741154470560256, 0.31325056136518903, 0.2256496476338757], "PosEmotion": [0.540361737287002, 1.0239842160813963, 0.6383274645356177, 0.8781304051456955], "NeuEmotion": [1.9928569495256512, 1.5969826550413604, 2.045718582053034, 1.8928175739783972]}