{"NumberTweets": [1252.0, 1535.0, 1351.0, 847.0], "UrduTweets": [206.0, 107.0, 104.0, 129.0], "Popularity": [0.0040684478710304485, 0.13971335559339465, 0.12361602917307297, 0.03698579147975841], "NegEmotion": [0.15495207667731628, 0.08925081433224756, 0.07031828275351591, 0.08028335301062574], "PosEmotion": [0.18450479233226838, 0.3485342019543974, 0.27609178386380456, 0.3270365997638725], "NeuEmotion": [0.6597444089456869, 0.5615635179153095, 0.6528497409326425, 0.5914994096812278]}