{"NumberTweets": [2810.0, 2231.0, 1658.0, 1278.0], "UrduTweets": [418.0, 260.0, 99.0, 174.0], "Popularity": [0.2501772598414755, -0.07691175203355087, 0.10983531187776659, 0.18799043508588295], "NegEmotion": [0.1835393151906331, 0.36683844784964853, 0.19179734620024125, 0.2096590909090909], "PosEmotion": [0.7798676304747638, 0.4910515424071375, 0.4016887816646562, 0.5992897727272727], "NeuEmotion": [1.0351252997536156, 1.1403135543405616, 1.4041013268998794, 1.1879212382445141]}