{"NumberTweets": [5519.0, 3575.0, 5270.0, 1529.0], "UrduTweets": [792.0, 465.0, 383.0, 304.0], "Popularity": [0.024999096490991315, 0.6728143761054046, 0.0768930948544332, 0.027127100897660506], "NegEmotion": [0.25618476717010913, 0.4061635930461273, 0.3282820939233215, 0.37452866637159515], "PosEmotion": [1.0025602550428494, 1.027367719745133, 0.6282011579778398, 0.7085385072659207], "NeuEmotion": [1.7396232597639267, 1.5639012713924345, 2.041739270217718, 1.9104798363474633]}