{"NumberTweets": [2862.0, 2902.0, 2995.0, 1110.0], "UrduTweets": [545.0, 209.0, 210.0, 185.0], "Popularity": [0.11295537127542823, -0.023649456693472286, 0.03036256904732841, 0.011732716276464706], "NegEmotion": [0.3063381624094548, 0.28047303372226995, 0.23126608280372862, 0.15320884086954265], "PosEmotion": [0.4013025797432965, 0.5833441562242028, 0.3570623438067765, 0.5982196192504481], "NeuEmotion": [1.290843817511755, 1.1345652291452182, 1.4100851428529053, 1.2449679245773058]}