{"PTI": [100, 2.984131171317184, 0.31, 1.12, 1.57], "PMLN": [98, 6.2260844903085255, 0.7346938775510204, 1.6938775510204083, 2.1122448979591835], "PPP": [100, 19.87075923237905, 0.39, 1.69, 1.92], "MQM": [28, 10.980786484853123, 2.392857142857143, 7.928571428571429, 6.035714285714286], "MMA": [100, 30.052956718695718, 0.31, 2.12, 3.53], "ANP": [1, 415.00882464644457, 41.0, 46.0, 197.0]}