{"PTI": [1167, 22.562786460305926, 0.08654670094258783, 0.3341902313624679, 0.5792630676949443], "PMLN": [1230, 25.965264921934658, 0.0991869918699187, 0.4032520325203252, 0.4975609756097561], "PPP": [1063, 46.3101767529887, 0.1533396048918156, 0.3047977422389464, 0.541862652869238], "MQM": [326, 8.14292297392978, 0.08895705521472393, 0.4049079754601227, 0.5061349693251533], "MMA": [770, 72.2274025894829, 0.04935064935064935, 0.2675324675324675, 0.6831168831168831]}