{"NumberTweets": [34.98427672955975, 17.68867924528302, 35.259433962264154, 12.067610062893081], "UrduTweets": [34.98845265588915, 20.207852193995382, 34.52655889145497, 10.277136258660507], "Popularity": [14.286342160320956, 13.750468475282975, 69.93073385759206, 2.0324555068039962], "NegEmotion": [24.219036213671675, 25.59649389832425, 20.12515509226926, 30.05931479573481], "PosEmotion": [24.691001886581073, 28.026647093660113, 18.900584420857474, 28.381766598901354], "NeuEmotion": [25.32099754581022, 23.432747040005665, 28.92712717264192, 22.3191282415422]}