{"NumberTweets": [26.4505893019039, 33.38621940163191, 26.971894832275613, 13.191296464188577], "UrduTweets": [31.0500564546481, 24.237862250658637, 21.528039141889348, 23.18404215280391], "Popularity": [16.15060625662636, 68.56827709475667, -11.859597291940489, 3.42151935667648], "NegEmotion": [29.397634072611396, 27.784158792393537, 22.25633806101372, 20.561869073981352], "PosEmotion": [23.99600956340316, 29.995045999481558, 19.88614231508123, 26.122802122034056], "NeuEmotion": [24.579011747598248, 22.381827406300264, 27.672570313501982, 25.36659053259951]}