{"NumberTweets": [23.16728624535316, 46.572490706319705, 15.434944237918216, 14.825278810408921], "UrduTweets": [27.800407331975556, 32.28105906313646, 11.812627291242363, 28.105906313645622], "Popularity": [-37.590386154528005, -29.576407456339055, -19.964505841945897, 12.86870054718704], "NegEmotion": [26.499903060650244, 27.573380648703317, 17.716546746709298, 28.21016954393714], "PosEmotion": [21.516626935273926, 34.866015463795186, 21.36929018581233, 22.248067415118555], "NeuEmotion": [26.082414415205335, 20.41474009912085, 28.120932516532136, 25.381912969141684]}