{"NumberTweets": [28.141543605461134, 30.405405405405407, 29.611312343271106, 11.841738645862357], "UrduTweets": [35.96837944664031, 20.685111989459813, 22.859025032938078, 20.487483530961793], "Popularity": [23.068992038441973, 71.40297031520316, -0.715294816896426, 4.812742829458426], "NegEmotion": [29.39375956282504, 27.29817212519236, 25.631997779251737, 17.676070532730872], "PosEmotion": [22.6792765410167, 27.949433997807727, 19.74111670499272, 29.630172756182844], "NeuEmotion": [25.192321402687725, 23.319180745289835, 27.145819168195544, 24.342678683826886]}