{"NumberTweets": [31.95036835982939, 35.04265219077162, 24.486234974796435, 8.520744474602559], "UrduTweets": [37.719298245614034, 43.42105263157895, 11.31578947368421, 7.5438596491228065], "Popularity": [13.428252468800697, 79.9986103838307, 0.6641946992163336, -5.908942448152275], "NegEmotion": [16.81650649064876, 29.157887795202342, 22.490452047948565, 31.535153666200333], "PosEmotion": [28.418739584697573, 29.004856272300252, 15.465664660129463, 27.11073948287272], "NeuEmotion": [25.485648810167348, 22.177737790613225, 29.960891242665806, 22.37572215655362]}