{"NumberTweets": [24.463229078613693, 12.83178360101437, 45.39306846999155, 17.31191885038039], "UrduTweets": [20.193236714975846, 12.077294685990339, 28.695652173913043, 39.03381642512077], "Popularity": [18.241513849420635, 58.66191460707564, 23.095348628149797, 0.0012229153539320007], "NegEmotion": [33.31730209139779, 16.737842368371002, 28.631516749196273, 21.313338791034923], "PosEmotion": [16.013812258639476, 31.394838349606797, 35.184508692947134, 17.40684069880658], "NeuEmotion": [27.68332393102351, 23.350448501406934, 20.455200484179567, 28.51102708339]}