{"NumberTweets": [28.93494956972333, 19.672434533172943, 33.05265105949847, 18.339964837605255], "UrduTweets": [38.44984802431611, 22.264437689969604, 19.832826747720365, 19.45288753799392], "Popularity": [2.5139180581084455, 71.65444946368565, 21.670953584119175, -4.160678894086722], "NegEmotion": [22.810999601672847, 29.076123199226085, 20.195167077650638, 27.91771012145044], "PosEmotion": [22.291373338951896, 28.181488334300024, 18.29911251405376, 31.22802581269432], "NeuEmotion": [26.740273608139915, 22.61240682618702, 29.151039288489226, 21.496280277183846]}