{"NumberTweets": [20.282523623174573, 39.22878686646941, 23.833158346855015, 16.655531163501003], "UrduTweets": [30.247619047619047, 22.590476190476192, 14.019047619047619, 33.14285714285714], "Popularity": [2.599496286478528, 61.6473818893676, 12.564864129248676, 23.18825769490518], "NegEmotion": [34.586494055133, 25.860184110431163, 19.83999558205847, 19.713326252377367], "PosEmotion": [17.202060574857118, 33.43932579233094, 20.28039079299256, 29.07822283981939], "NeuEmotion": [26.813079769580522, 20.997636190191113, 28.097167295060483, 24.092116745167893]}