{"NumberTweets": [35.956193631511134, 27.8207251978649, 18.921406221240566, 17.301674949383397], "UrduTweets": [44.20062695924764, 30.407523510971785, 7.210031347962382, 18.181818181818183], "Popularity": [43.101336444836654, -15.87174944370317, 7.940554432071028, 33.08635967938915], "NegEmotion": [21.124205126011375, 39.99949101621695, 15.9421666012376, 22.934137256534072], "PosEmotion": [37.49135074960465, 21.162955499973762, 16.42922961156607, 24.916464138855517], "NeuEmotion": [19.64287771349261, 24.01629667543524, 30.91602407942526, 25.424801531646896]}