{"NumberTweets": [23.27543424317618, 19.123242349048798, 41.37303556658395, 16.228287841191065], "UrduTweets": [24.33936022253129, 15.02086230876217, 31.432545201668983, 29.207232267037554], "Popularity": [28.309798783056, 28.821591173898252, 38.90330447556906, -3.9653055674766935], "NegEmotion": [29.96535292647225, 27.58754594185565, 18.47869574747138, 23.968405384200718], "PosEmotion": [20.834376347451183, 26.375558157469104, 31.76218831395643, 21.027877181123287], "NeuEmotion": [26.098749907347596, 24.01281209479572, 23.006816955548164, 26.881621042308517]}