{"NumberTweets": [35.030843942774645, 18.611366321039508, 35.36553353458459, 10.99225620160126], "UrduTweets": [37.86461199779857, 19.702806824435886, 19.26252063841497, 23.17006053935058], "Popularity": [26.256363883293517, 59.48129862443334, -11.329545318817685, 2.932792173455461], "NegEmotion": [25.077002111139578, 25.652539088369203, 27.121377896749188, 22.14908090374203], "PosEmotion": [27.050190717627633, 23.236527828823274, 23.908023264382674, 25.805258189166423], "NeuEmotion": [24.224132027010135, 25.570860669650575, 25.116579299770198, 25.088428003569092]}