{"NumberTweets": [30.846774193548388, 28.797043010752688, 30.219534050179213, 10.136648745519713], "UrduTweets": [33.192389006342495, 19.661733615221987, 22.938689217758984, 24.207188160676534], "Popularity": [-5.023716015514943, -6.703631702046218, 74.15853743654034, 14.114114845898493], "NegEmotion": [23.97576024419308, 28.135125413403195, 21.86107426701579, 26.02804007538793], "PosEmotion": [19.53842031709165, 31.056137808188588, 22.957565798672057, 26.447876076047706], "NeuEmotion": [27.770700777129615, 21.487874019854008, 26.669490389535035, 24.071934813481338]}