{"NumberTweets": [20.708667205763433, 44.10791737116813, 17.621112989781665, 17.562302433286774], "UrduTweets": [32.25626740947075, 22.451253481894152, 10.529247910863509, 34.76323119777159], "Popularity": [1.403692655781659, 64.64410445844035, 14.388806469051522, 19.563396416726476], "NegEmotion": [37.455484605957764, 27.887663935336565, 16.61159244489699, 18.045259013808668], "PosEmotion": [18.40889574022821, 33.60079697176535, 18.08378189525126, 29.906525392755178], "NeuEmotion": [25.673973125785015, 20.499797437664864, 29.775325635964613, 24.05090380058552]}