{"NumberTweets": [32.59340126152353, 20.172246482290152, 34.243085880640464, 12.991266375545852], "UrduTweets": [36.58536585365854, 14.745011086474502, 30.598669623059866, 18.070953436807095], "Popularity": [-3.049223859136827, 56.02895744945277, 40.53701140205839, -0.3848072893520223], "NegEmotion": [13.276292393414252, 38.85506047794952, 22.730160677177295, 25.138486451458935], "PosEmotion": [20.151261268268918, 24.628335435207276, 25.96036640519121, 29.260036891332593], "NeuEmotion": [28.98405596573561, 22.718177528102743, 25.025314810347087, 23.272451695814546]}