{"NumberTweets": [2503.0, 2802.0, 2046.0, 671.0], "UrduTweets": [332.0, 365.0, 107.0, 69.0], "Popularity": [0.08284929483116832, 0.3575452319366931, 0.07942270635808031, -0.01739461260679663], "NegEmotion": [0.17276749988231416, 0.2634003212798741, 0.23456918720715883, 0.3802438348573012], "PosEmotion": [0.6061553049407872, 0.655092326984231, 0.28869134934142693, 0.5847326129121639], "NeuEmotion": [1.2193939516210381, 1.0800720420942203, 1.474784242409184, 1.028826082940796]}