{"NumberTweets": [1085.0, 2086.0, 942.0, 389.0], "UrduTweets": [126.0, 176.0, 34.0, 37.0], "Popularity": [0.051647872718595896, 0.11109617945956858, 0.09555588695049014, 0.009059837630665006], "NegEmotion": [0.10691244239631337, 0.1040268456375839, 0.044585987261146494, 0.07712082262210797], "PosEmotion": [0.22211981566820277, 0.31208053691275167, 0.22611464968152867, 0.39331619537275064], "NeuEmotion": [0.6700460829493088, 0.5834132310642378, 0.7282377919320594, 0.5269922879177378]}