{"NumberTweets": [3650.0, 1984.0, 4108.0, 1179.0], "UrduTweets": [412.0, 220.0, 223.0, 249.0], "Popularity": [0.1279456525183355, 0.2662047868877939, -0.0887240705949484, 0.009744786713479933], "NegEmotion": [0.20273498299417766, 0.21675339891856515, 0.1879259980525803, 0.19487391891187356], "PosEmotion": [0.4723259064968006, 0.4716994745255131, 0.4902629016553067, 0.5194494488115996], "NeuEmotion": [1.3238432197690284, 1.309530995474883, 1.3208373904576436, 1.2822617551136264]}