{"NumberTweets": [8888.0, 12810.0, 8905.0, 5490.0], "UrduTweets": [1261.0, 891.0, 683.0, 1181.0], "Popularity": [0.03584314715196098, 1.0004696346316888, 0.10868551818362678, 0.24940322620983577], "NegEmotion": [0.6432567395598936, 0.4687202014119274, 0.419482485401914, 0.3622856250623099], "PosEmotion": [0.8586247312671592, 1.546674867198802, 0.8228992831632764, 1.2012709051037118], "NeuEmotion": [2.496186492061548, 1.9833215436845428, 2.7556024933964824, 2.43352019937816]}