{"NumberTweets": [8735.0, 9495.0, 7821.0, 3601.0], "UrduTweets": [1217.0, 771.0, 711.0, 782.0], "Popularity": [0.12287928155519302, 0.6123931070381541, 0.07358959779275631, 0.025412461393640364], "NegEmotion": [0.42328019370584036, 0.4119363283334202, 0.30864641663072273, 0.3016341188924035], "PosEmotion": [0.7945487186897796, 0.9646298553247937, 0.6497488108639116, 0.8084351316818645], "NeuEmotion": [1.7810435483974016, 1.622265304628296, 2.040362969149916, 1.8873573956885035]}