{"NumberTweets": [1804.0, 1256.0, 3189.0, 1182.0], "UrduTweets": [258.0, 139.0, 300.0, 259.0], "Popularity": [0.08344950942026569, 0.10719595529739886, 0.09337684495121121, -0.0123770858725283], "NegEmotion": [0.10864745011086474, 0.10270700636942676, 0.06992787707745375, 0.09306260575296109], "PosEmotion": [0.19623059866962306, 0.29777070063694266, 0.3167137033552838, 0.23604060913705585], "NeuEmotion": [0.6945676274944568, 0.5987261146496815, 0.6130448416431483, 0.6700507614213198]}