{"NumberTweets": [5240.0, 5496.0, 4884.0, 2095.0], "UrduTweets": [753.0, 427.0, 372.0, 423.0], "Popularity": [0.10478934912385127, 0.3039675528158417, 0.024139927815736994, 0.019596307133694008], "NegEmotion": [0.253323112160776, 0.27090106951871656, 0.20888475507130835, 0.17281605780342607], "PosEmotion": [0.5524886328528698, 0.6002887700534759, 0.40255779962795646, 0.5986077744441487], "NeuEmotion": [1.19334683881228, 1.1278917112299465, 1.3876561254318363, 1.2266668246393666]}