{"NumberTweets": [3761.0, 4518.0, 3067.0, 1071.0], "UrduTweets": [505.0, 586.0, 109.0, 103.0], "Popularity": [0.11175024547279733, 0.2915965526054972, 0.0900273871797424, -0.024154814879397173], "NegEmotion": [0.19240395102692903, 0.3931124255491344, 0.23361983541369852, 0.3801925868233794], "PosEmotion": [0.6356292916724273, 0.5810771506974038, 0.3512224892083271, 0.5177222359896626], "NeuEmotion": [1.1708112509024993, 1.024917724680383, 1.4138533183065047, 1.0982936241016743]}