{"NumberTweets": [6972.0, 10119.0, 6178.0, 4225.0], "UrduTweets": [931.0, 756.0, 429.0, 985.0], "Popularity": [0.016663928977081872, 0.7996097296766134, 0.10404808643755406, 0.23610236771760806], "NegEmotion": [0.4637160297477851, 0.35723748123355503, 0.2676673038837622, 0.28086270016112413], "PosEmotion": [0.6629044807452386, 1.1579717828435439, 0.584542114113038, 1.0147096402815774], "NeuEmotion": [1.871969373063636, 1.4838789572854347, 2.146141547301873, 1.7022949029354724]}