{"NumberTweets": [3642.0, 2745.0, 3568.0, 1201.0], "UrduTweets": [379.0, 297.0, 302.0, 319.0], "Popularity": [0.02602493456091473, -0.07272062022598107, 0.3118437445421297, 0.051067370442861665], "NegEmotion": [0.11614497528830313, 0.14426229508196722, 0.12864349775784753, 0.14571190674437967], "PosEmotion": [0.20647995606809447, 0.3158469945355191, 0.2676569506726457, 0.2997502081598668], "NeuEmotion": [0.6771004942339374, 0.5395264116575592, 0.6034192825112108, 0.5537052456286428]}