{"NumberTweets": [3589.0, 7398.0, 2997.0, 2875.0], "UrduTweets": [648.0, 583.0, 188.0, 697.0], "Popularity": [0.001104450299662217, 0.6618082001842189, 0.09085483036698641, 0.14372762454593815], "NegEmotion": [0.33483633716723527, 0.2539666249307252, 0.16015394330532773, 0.17938121867964268], "PosEmotion": [0.4391385924803849, 0.7820070639901812, 0.35033903332083427, 0.6850800106519477], "NeuEmotion": [1.224910549534224, 0.9634820443857655, 1.48817235522391, 1.134146754787324]}