{"NumberTweets": [37.88908272885869, 21.77485997612708, 30.208428978055274, 10.127628316958956], "UrduTweets": [38.49746983261969, 27.520435967302454, 18.645387310237446, 15.336706889840404], "Popularity": [11.579455683454942, 72.24314921801064, 14.14151138664306, 2.0358837118913597], "NegEmotion": [15.656047442470399, 33.98354992105836, 22.115163645368842, 28.245238991102394], "PosEmotion": [30.154128525648176, 27.796624220743134, 18.985144936734176, 23.0641023168745], "NeuEmotion": [24.51788280443324, 21.94016324043656, 28.332138664740718, 25.209815290389486]}