{"NumberTweets": [26.30918220946915, 42.88020086083213, 22.040889526542323, 8.769727403156384], "UrduTweets": [31.654676258992804, 53.05755395683454, 7.194244604316546, 8.093525179856115], "Popularity": [24.614137577232416, 33.09159348212676, 39.86049378654405, 2.433775154096767], "NegEmotion": [23.225432616746144, 37.60079580539316, 10.483531286586052, 28.690240291274648], "PosEmotion": [20.166010826816596, 25.863992720598183, 20.281587695250217, 33.68840875733501], "NeuEmotion": [27.51482727964689, 22.85088752082838, 29.244811597874037, 20.389473601650685]}