{"NumberTweets": [20.88364960705386, 42.1123250910485, 26.356143377419972, 10.64788192447767], "UrduTweets": [27.228915662650603, 43.53413654618474, 9.477911646586346, 19.759036144578314], "Popularity": [22.38334719314655, -51.81922645375494, 22.666781996634374, 3.1306443564641433], "NegEmotion": [27.76641900007175, 25.782330643101176, 24.264588456879764, 22.18666189994732], "PosEmotion": [26.25160899286461, 14.074348798158399, 28.588959031055566, 31.08508317792142], "NeuEmotion": [23.985894028134773, 29.82864414631497, 23.499907528365625, 22.685554297184638]}