{"NumberTweets": [33.341879246250485, 35.59800025637739, 22.82399692347135, 8.236123573900782], "UrduTweets": [35.40925266903915, 45.96678529062871, 10.26097271648873, 8.362989323843415], "Popularity": [16.16776415245148, 64.02932148378365, 13.9918822121811, -5.8110321515837855], "NegEmotion": [14.606936967190457, 33.64304696098151, 20.277155505095067, 31.47286056673298], "PosEmotion": [29.25585072889994, 26.96620807032274, 18.389130739266225, 25.388810461511092], "NeuEmotion": [25.896055276741382, 21.93817192261838, 29.044542718689044, 23.121230081951193]}