{"NumberTweets": [29.323734729493893, 28.398778359511347, 29.70767888307155, 12.56980802792321], "UrduTweets": [26.18878637331441, 26.36621717530163, 21.256210078069554, 26.18878637331441], "Popularity": [-11.763583537359468, -38.361288353901905, 41.29684899328387, 8.578279115454764], "NegEmotion": [24.321580216974507, 26.8530017210375, 23.770754859718572, 25.054663202269417], "PosEmotion": [21.61945079588654, 27.445610713833812, 23.962801934134447, 26.972136556145195], "NeuEmotion": [26.62782229204493, 23.46209945974731, 25.777468532259647, 24.132609715948107]}