{"NumberTweets": [21.781475748194016, 38.62229102167183, 27.934726522187823, 11.661506707946337], "UrduTweets": [27.995813710099426, 42.80481423338566, 6.122448979591836, 23.076923076923077], "Popularity": [21.573032313990613, -35.565366307715, 22.656881987572202, -20.204719390722182], "NegEmotion": [24.194612370729583, 28.208980066504797, 29.167481185053703, 18.428926377711917], "PosEmotion": [31.21425451049235, 16.94000125871364, 31.77541279696013, 20.070331433833886], "NeuEmotion": [22.900564123641637, 27.45217978077557, 22.067730246303043, 27.57952584927974]}