{"NumberTweets": [28.19899244332494, 42.7455919395466, 20.390428211586904, 8.664987405541561], "UrduTweets": [30.451612903225804, 55.483870967741936, 5.548387096774193, 8.516129032258064], "Popularity": [23.496642160197528, 30.50059145727152, 45.189330471246585, 0.813435911284374], "NegEmotion": [19.101495684241826, 39.594089501131116, 12.513060028385196, 28.791354786241858], "PosEmotion": [20.57388824660934, 25.1730756139178, 22.92322022659643, 31.32981591287643], "NeuEmotion": [28.221196698175877, 22.23533688941933, 28.30728503473841, 21.236181377666398]}