{"NumberTweets": [34.03175740210124, 27.03557784145177, 21.752626552053485, 17.180038204393504], "UrduTweets": [38.21411425828132, 35.38166106577052, 10.513682189150265, 15.890542486797887], "Popularity": [40.282882768711985, -28.706641906340103, 7.848033559749486, 23.162441765198423], "NegEmotion": [21.799670637786512, 40.9020579045081, 13.019507081901862, 24.278764375803537], "PosEmotion": [36.79322201180756, 20.509432056271688, 17.119224940492025, 25.578120991428726], "NeuEmotion": [20.321324573628452, 23.99545264231714, 30.813153783798075, 24.870069000256333]}