{"NumberTweets": [27.322085352326464, 18.839395177768697, 36.44696129371241, 17.391558176192422], "UrduTweets": [32.934397163120565, 22.163120567375884, 26.861702127659576, 18.04078014184397], "Popularity": [0.9128415221180158, 71.51771577390775, 23.0969092571344, -4.472533446839817], "NegEmotion": [24.94496823898824, 28.68960104697517, 20.769297066666578, 25.596133647370007], "PosEmotion": [23.997383496663875, 28.091728706196093, 18.69047107764424, 29.220416719495784], "NeuEmotion": [25.5674336151785, 22.301536268845386, 29.605038131450957, 22.525991984525152]}