{"NumberTweets": [22.92721106183146, 36.98408557265849, 22.405426558831206, 17.68327680667884], "UrduTweets": [28.003031451307315, 26.373626373626376, 15.839333080712393, 29.78400909435392], "Popularity": [0.791559646258634, 44.10731666563679, 16.3792722405233, 38.72185144758127], "NegEmotion": [36.88187932238737, 26.871607899562772, 16.48991978391939, 19.756592994130457], "PosEmotion": [21.594367007749067, 31.17824847807692, 17.248436453353452, 29.978948060820553], "NeuEmotion": [24.19231303491811, 21.57763870568296, 30.589219967551468, 23.64082829184747]}