{"NumberTweets": [20.443832547720167, 32.53838614831754, 31.394968964390724, 15.622812339571567], "UrduTweets": [27.507864383082836, 23.470814400559245, 21.845508563439356, 27.17581265291856], "Popularity": [1.8663962305275283, 43.59213089822592, 12.788504490445751, 41.7529683808008], "NegEmotion": [33.764004695162214, 25.567827348360822, 19.44287257314014, 21.225295383336828], "PosEmotion": [21.040759827308772, 30.465913642576098, 18.716445669965065, 29.776880860150072], "NeuEmotion": [25.13681717943858, 22.158112201234808, 29.30549925069265, 23.39957136863395]}