{"NumberTweets": [26.53939972425496, 34.59751829462297, 26.7090889808039, 12.153993000318167], "UrduTweets": [31.45597210113339, 25.056669572798608, 22.877070619006105, 20.6102877070619], "Popularity": [27.755507252696322, 58.639169880278786, 10.272403383547639, 3.332919483477254], "NegEmotion": [30.928770016940852, 25.50095495979808, 22.383149685912272, 21.187125337348785], "PosEmotion": [26.972060504782675, 28.507170548388167, 20.41941193635555, 24.1013570104736], "NeuEmotion": [22.97654438870376, 23.255092207992067, 27.65195254878725, 26.116410854516914]}