{"NumberTweets": [21.222290342357457, 34.00342034784292, 28.63089283985673, 16.143396469942886], "UrduTweets": [28.574744661095636, 24.233983286908078, 19.91643454038997, 27.274837511606314], "Popularity": [0.9203127581275805, 44.950727438906725, 13.243636825778532, 40.885322977187165], "NegEmotion": [35.27218832490548, 26.230664439816838, 18.28130819987635, 20.215839035401324], "PosEmotion": [21.81664861389266, 30.464578502676638, 18.091998534540487, 29.626774348890216], "NeuEmotion": [24.401610456632046, 21.95255993734659, 29.978818109376025, 23.667011496645348]}