{"NumberTweets": [25.39704147381795, 32.33505762773392, 30.152463925946094, 12.115436972502042], "UrduTweets": [31.97696737044146, 20.652591170825335, 25.911708253358924, 21.45873320537428], "Popularity": [33.85971012946531, 56.52698341972777, 5.161599079960022, 4.451707370846886], "NegEmotion": [30.860524572815446, 22.740379058338803, 24.81712357989582, 21.581972788949937], "PosEmotion": [27.11974151363801, 27.011249384793878, 20.49736639477004, 25.37164270679807], "NeuEmotion": [22.860075845073517, 24.457062570676904, 27.22690058760877, 25.455960996640798]}