{"NumberTweets": [27.80249772558101, 33.11057811595401, 26.778595649656765, 12.308328508808204], "UrduTweets": [31.948291782086795, 23.572088115024403, 23.611660730774304, 20.8679593721145], "Popularity": [21.623035986710555, 54.99255756886784, 12.00879356680105, 11.375612877620561], "NegEmotion": [29.94596718502124, 25.79614020547695, 21.711115998885845, 22.546776610615964], "PosEmotion": [26.79114314181139, 29.09019104821229, 20.962350583951878, 23.15631522602444], "NeuEmotion": [23.217233931811585, 22.934662024078467, 27.525917470499454, 26.322186573610484]}