{"NumberTweets": [21.13001509419898, 32.01647317518589, 31.46115573113691, 15.392355999478225], "UrduTweets": [29.20584406191234, 22.407059163894115, 22.450455663243165, 25.936641110950383], "Popularity": [4.573399719720711, 45.281280048682966, 11.850601663278185, 38.294718568318146], "NegEmotion": [33.932904738996974, 25.69129575464999, 20.21289797419935, 20.162901532153676], "PosEmotion": [21.10394201629689, 30.748744864030662, 19.6532887548152, 28.49402436485724], "NeuEmotion": [24.94121560366153, 22.13395370523751, 28.557431539209414, 24.367399151891554]}