{"NumberTweets": [2239.0, 3394.0, 1619.0, 688.0], "UrduTweets": [236.0, 430.0, 43.0, 66.0], "Popularity": [0.0593624925259836, 0.07705744165808663, 0.11416743184256874, 0.00205508441907426], "NegEmotion": [0.08485931219294328, 0.1758986446670595, 0.055589870290302656, 0.12790697674418605], "PosEmotion": [0.2367128182224207, 0.2896287566293459, 0.2637430512662137, 0.36046511627906974], "NeuEmotion": [0.6779812416257258, 0.5341779611078373, 0.6800494132180358, 0.5101744186046512]}