{"NumberTweets": [11094.0, 7060.0, 9897.0, 3493.0], "UrduTweets": [1346.0, 1146.0, 740.0, 569.0], "Popularity": [0.16136638905641312, 0.5596035327169357, 0.3027976203534338, 0.015341360012628561], "NegEmotion": [0.23143368340220646, 0.5624564361462213, 0.3190036121416903, 0.4227317709724956], "PosEmotion": [1.061730074368874, 0.8448501068445147, 0.6121741656328324, 0.7714719554551613], "NeuEmotion": [1.7060129652550593, 1.5914115029519735, 2.0678608463113726, 1.8029421601074824]}