{"NumberTweets": [5202.0, 5554.0, 3561.0, 1285.0], "UrduTweets": [597.0, 775.0, 173.0, 141.0], "Popularity": [0.06292491541309944, 0.2492020294416729, 0.05445638595229309, -0.022616528986524522], "NegEmotion": [0.179632369055446, 0.41373357339866257, 0.24936326413041968, 0.38704517704517705], "PosEmotion": [0.5908311417926803, 0.5445910854429239, 0.3713743008854924, 0.5127350427350428], "NeuEmotion": [1.228744795090949, 1.0409467494432911, 1.3781377244525523, 1.0970818070818071]}