{"NumberTweets": [2053.0, 1163.0, 1997.0, 639.0], "UrduTweets": [193.0, 107.0, 177.0, 73.0], "Popularity": [0.05754979853108083, -0.00556066299004228, 0.057928754084663074, 0.015936295268919026], "NegEmotion": [0.12177301509985387, 0.1642304385210662, 0.07761642463695544, 0.107981220657277], "PosEmotion": [0.2635168046760838, 0.20378331900257954, 0.2653980971457186, 0.3145539906103286], "NeuEmotion": [0.6142230881636629, 0.6311263972484953, 0.656484727090636, 0.5758998435054773]}