{"NumberTweets": [1647.0, 3209.0, 1993.0, 726.0], "UrduTweets": [258.0, 335.0, 63.0, 173.0], "Popularity": [0.09058072432436988, -0.258688132136312, 0.03469955362667253, 0.01484204169188028], "NegEmotion": [0.1092896174863388, 0.09629167965098162, 0.10135474159558455, 0.081267217630854], "PosEmotion": [0.3406193078324226, 0.1564350264880025, 0.28499749121926743, 0.41597796143250687], "NeuEmotion": [0.5494839101396478, 0.7469616703022749, 0.6131460110386352, 0.5013774104683195]}