{"NumberTweets": [1033.0, 557.0, 2026.0, 693.0], "UrduTweets": [174.0, 74.0, 220.0, 213.0], "Popularity": [0.036669314442793935, 0.19850079852419594, 0.09327628477514353, 0.0028179106032219206], "NegEmotion": [0.1074540174249758, 0.04488330341113106, 0.09180651530108588, 0.09668109668109669], "PosEmotion": [0.15682478218780252, 0.2639138240574506, 0.3761105626850938, 0.20923520923520925], "NeuEmotion": [0.7347531461761858, 0.6894075403949731, 0.5315893385982231, 0.6926406926406926]}