{"NumberTweets": [6495.0, 6926.0, 6654.0, 2926.0], "UrduTweets": [1129.0, 525.0, 700.0, 706.0], "Popularity": [0.16174788166748777, -0.0925938163329136, 0.19014315769781726, 0.3916960898817209], "NegEmotion": [0.6509560722221449, 0.5980674671218723, 0.46096095890319344, 0.34703549822088564], "PosEmotion": [0.8147395760938362, 1.2369226850512405, 0.914384576073049, 0.9847570358006732], "NeuEmotion": [2.5316878908209928, 2.16239823113329, 2.621974249362885, 2.662401164757402]}