{"NumberTweets": [1960.0, 2235.0, 2021.0, 604.0], "UrduTweets": [240.0, 165.0, 151.0, 124.0], "Popularity": [-0.008800441752557286, -0.006330637742134491, 0.2732070146210575, 0.08430454028034284], "NegEmotion": [0.11530612244897959, 0.13646532438478748, 0.12023750618505691, 0.1423841059602649], "PosEmotion": [0.24183673469387756, 0.34496644295302015, 0.23998020781791193, 0.3741721854304636], "NeuEmotion": [0.6423469387755102, 0.5181208053691275, 0.6392874814448293, 0.4817880794701987]}