{"NumberTweets": [1994.0, 1064.0, 2023.0, 624.0], "UrduTweets": [217.0, 104.0, 205.0, 50.0], "Popularity": [0.012522964608126212, 0.0415514823800572, 0.041555393890592485, 0.0013449919525523033], "NegEmotion": [0.12337011033099297, 0.1118421052631579, 0.09194265941670786, 0.14262820512820512], "PosEmotion": [0.261283851554664, 0.30545112781954886, 0.22046465645081562, 0.3189102564102564], "NeuEmotion": [0.6148445336008024, 0.581766917293233, 0.6870983687592684, 0.5368589743589743]}