{"NumberTweets": [7384.0, 8689.0, 7816.0, 4186.0], "UrduTweets": [1104.0, 655.0, 537.0, 989.0], "Popularity": [0.010814585213094044, 0.28581137159748266, 0.14330070049307447, 0.18526944298824002], "NegEmotion": [0.7580502889033985, 0.5891379290704235, 0.5942267159160604, 0.36847908048228384], "PosEmotion": [0.8988350153988822, 1.663723629762178, 1.2313588761392036, 1.25718163854228], "NeuEmotion": [3.339482470266116, 2.7442139253996665, 3.1706895954456265, 3.368339395610276]}