{"NumberTweets": [26.223342010364675, 30.056360900819147, 30.13039428748836, 13.589902801327824], "UrduTweets": [29.61090161124443, 21.880356530682207, 27.202605416523827, 21.306136441549537], "Popularity": [26.84415718981684, 57.012002625558154, -7.066231698824378, 9.077608485800637], "NegEmotion": [26.855017362602396, 27.217767690118627, 25.096086325981616, 20.83112862129736], "PosEmotion": [26.200455778748537, 30.195603363867203, 21.35024541896576, 22.253695438418504], "NeuEmotion": [24.02946151684277, 21.973071317822264, 26.795684787822942, 27.20178237751203]}