{"NumberTweets": [33.785628261742275, 26.431152147731833, 22.62946607788037, 17.153753512645523], "UrduTweets": [35.59638741824976, 37.153534724384926, 10.152600436001245, 17.09747742136406], "Popularity": [48.36350297030017, 20.210897341931876, 10.144706643534095, 21.280893044233856], "NegEmotion": [25.224505022133396, 37.39308320006828, 15.836006518928036, 21.546405258870266], "PosEmotion": [34.067704237817395, 21.323666134787437, 17.5757548490894, 27.032874778305764], "NeuEmotion": [20.856641139634906, 24.068582157452024, 30.275985491156476, 24.798791211756598]}