{"NumberTweets": [35.07856438800951, 16.310082912970373, 35.8902997622775, 12.721052936742621], "UrduTweets": [38.16270566727605, 14.76234003656307, 31.581352833638025, 15.493601462522852], "Popularity": [7.442095744608306, -61.746946338837326, 29.910218157104502, 0.9007397594498695], "NegEmotion": [20.630648542103096, 35.84898372514372, 18.09858368883899, 25.421784043914187], "PosEmotion": [24.304997245885243, 25.80739952190067, 20.177028781194707, 29.710574451019394], "NeuEmotion": [26.63384377585258, 21.452352985854674, 29.601365299944867, 22.31243793834789]}