{"NumberTweets": [23.267465671548702, 30.10509027784996, 31.62479340561105, 15.00265064499028], "UrduTweets": [28.7906939171177, 21.25373616608773, 24.509249535503674, 25.446320381290892], "Popularity": [6.2674218352197775, 44.40026678389072, 12.631232586129935, 36.70107879475958], "NegEmotion": [28.893060390047292, 27.770003709595116, 20.490078588147668, 22.84685731220992], "PosEmotion": [23.767293608440156, 30.213748804530855, 18.812581013529158, 27.206376573499835], "NeuEmotion": [24.824052756732254, 21.585841309378857, 29.322643145682044, 24.267462788206846]}