{"NumberTweets": [27.402513574059306, 16.75209780916581, 39.275543911607244, 16.569844705167636], "UrduTweets": [27.06507304116866, 14.289508632138116, 27.54316069057105, 31.102257636122175], "Popularity": [40.53837437251432, 41.41821463731741, 14.307870627662128, -3.7355403625061387], "NegEmotion": [26.589048299688823, 29.54469564831011, 17.790519812911608, 26.07573623908947], "PosEmotion": [23.134170291832206, 30.74429354739735, 25.073694215029818, 21.04784194574063], "NeuEmotion": [25.54621014739249, 21.926660918577827, 26.041704998355225, 26.485423935674447]}