{"NumberTweets": [28.410604043094057, 14.259774845660331, 39.494814994149216, 17.834806117096395], "UrduTweets": [34.57775489186406, 19.87641606591143, 30.45829042224511, 15.087538619979401], "Popularity": [2.5271606448482897, 75.89638751060909, 20.16627656827015, -1.410175276272472], "NegEmotion": [25.3406208106353, 28.28788944090596, 18.006410988005378, 28.365078760453372], "PosEmotion": [21.311741044984412, 32.22383857071877, 19.64816371726116, 26.816256667035653], "NeuEmotion": [27.115168571403093, 19.873910459961195, 29.932078499637978, 23.078842468997728]}