{"NumberTweets": [34.377059504108026, 11.003060880772104, 40.941110997202735, 13.678768617917136], "UrduTweets": [33.11678937490977, 15.865454020499495, 33.88191136133968, 17.135845243251048], "Popularity": [54.71018809540613, 36.01447927352094, -3.014588452096804, -6.260744178976103], "NegEmotion": [21.72111918122673, 25.016136004020854, 15.923277950259191, 37.33946686449322], "PosEmotion": [20.256490738883556, 32.12251673624934, 25.670464065178884, 21.95052845968821], "NeuEmotion": [27.80112470552395, 21.85967591963454, 26.685533003328377, 23.65366637151313]}