{"NumberTweets": [26.259510590170677, 19.643958755618225, 41.2678828471549, 12.828647807056198], "UrduTweets": [28.23928311939937, 19.30249455073868, 35.60184063937999, 16.856381690481957], "Popularity": [59.84888146336549, -3.7488376608798273, 29.04097208208265, 7.361308793672032], "NegEmotion": [23.606069255701893, 36.73315840513129, 16.257529809174926, 23.403242529991886], "PosEmotion": [34.20294738557427, 20.355569620126985, 22.162500367891262, 23.278982626407473], "NeuEmotion": [21.1106548027955, 24.633192416703636, 28.14334406157808, 26.112808718922786]}