{"NumberTweets": [22894.0, 17466.0, 24665.0, 9558.0], "UrduTweets": [3388.0, 2673.0, 2251.0, 1447.0], "Popularity": [0.3009553002826666, 0.7549437487965123, 0.1208455804566028, 0.010297200239003422], "NegEmotion": [0.45604127362308405, 0.7097490217754259, 0.6114529213896335, 0.7925358494406551], "PosEmotion": [1.8122422139806635, 1.4252851028554065, 1.1065928205820916, 1.211134750422106], "NeuEmotion": [2.7305582666910797, 2.8635310023839953, 3.280897038937245, 2.9934606258317222]}