{"NumberTweets": [8348.0, 6817.0, 8627.0, 4178.0], "UrduTweets": [1329.0, 856.0, 672.0, 1092.0], "Popularity": [0.11574971790533103, 0.28567495863370534, 0.010630927312194963, 0.03328383065914989], "NegEmotion": [0.14887551530876442, 0.24825769339996012, 0.23320643825552662, 0.17986235351422597], "PosEmotion": [0.7003645431564949, 0.5924659018224538, 0.3899867640540852, 0.48437167989455887], "NeuEmotion": [1.1502672023837524, 1.1586879679031292, 1.376283006381183, 1.3348082862955217]}