{"NumberTweets": [1467.0, 2391.0, 1229.0, 489.0], "UrduTweets": [176.0, 295.0, 40.0, 45.0], "Popularity": [0.07135190617203246, 0.0959265083251897, 0.11554831867272612, 0.007055071334271054], "NegEmotion": [0.08111792774369461, 0.13132580510246758, 0.03661513425549227, 0.10020449897750511], "PosEmotion": [0.2338104976141786, 0.2998745294855709, 0.23515052888527258, 0.39059304703476483], "NeuEmotion": [0.6843899113837764, 0.5683814303638645, 0.7274206672091131, 0.5071574642126789]}