{"NumberTweets": [23.587158397452907, 23.905545237463517, 20.695144600689837, 14.513133457150436], "Popularity": [145.49400945781144, 63.17083352850486, 0.6453055984794083, 13.565570271577323, -137.9639100516856], "NegEmotion": [5.448967044292196, 11.032082808068534, 5.3232216509623775, 7.360678766163699, 7.9242484009578185], "PosEmotion": [13.258010949852759, 14.92163534549897, 8.36404486759922, 16.67115066785207, 10.741207911034568], "NeuEmotion": [15.001530075320934, 11.284791295801622, 18.79355701966223, 11.535597980962693, 15.83006032874775]}