{"NumberTweets": [28.343949044585987, 28.343949044585987, 23.56687898089172, 19.426751592356688], "UrduTweets": [43.47826086956522, 34.78260869565217, 8.695652173913043, 8.695652173913043], "Popularity": [2.3543977523566553, 0.500985699424637, 0.8485505206293249, 0.1390148955672156], "NegEmotion": [3.578560913264963, 8.349975464284915, 6.4559173232550355, 7.831768556079879], "PosEmotion": [37.60657556888901, 20.30755080720007, 18.0918120304385, 19.752699692249248], "NeuEmotion": [14.793149074404067, 21.727437703030972, 24.463670513245916, 22.257929729264728]}