{"NumberTweets": [35.92171717171717, 18.4469696969697, 33.775252525252526, 11.856060606060606], "UrduTweets": [35.02051983584131, 17.647058823529413, 29.411764705882355, 17.920656634746923], "Popularity": [43.57241851752969, 14.144763913056973, 33.34875516771714, 8.934062401696194], "NegEmotion": [24.985239655433624, 33.02469544696409, 16.40405629108298, 25.58600860651932], "PosEmotion": [25.848904244095756, 21.545348301104248, 24.67021864053543, 27.93552881426456], "NeuEmotion": [24.631069633014103, 24.87758949347102, 26.957300174924466, 23.534040698590395]}