{"NumberTweets": [21.216743526073074, 36.67612628591699, 25.948918056048242, 16.158212131961687], "UrduTweets": [32.64705882352941, 20.705882352941178, 16.029411764705884, 30.61764705882353], "Popularity": [3.011811302049266, 67.10033192020764, 10.05827335495524, 19.829583422787856], "NegEmotion": [33.71743116772949, 24.678303602597655, 23.103797816586503, 18.500467413086344], "PosEmotion": [17.072746417954342, 34.446771651389895, 21.789311092732625, 26.691170837923128], "NeuEmotion": [26.90600404349704, 20.865473474691, 26.782408509318884, 25.446113972493063]}