{"NumberTweets": [27.172373841400617, 33.35157054582904, 26.226184346035016, 13.249871266735324], "UrduTweets": [32.76127049180328, 22.28483606557377, 21.567622950819672, 23.38627049180328], "Popularity": [13.805818283878175, 68.94444296070034, -0.3900444914563914, 16.859694263965082], "NegEmotion": [29.878657679679065, 27.521020076416203, 22.056001587438807, 20.54432065646594], "PosEmotion": [23.555286429973318, 30.772813281918115, 21.14219428056287, 24.52970600754569], "NeuEmotion": [24.666670296677793, 22.104227551116644, 27.18746375711598, 26.04163839508956]}