{"NumberTweets": [24.57831325301205, 31.957831325301207, 27.816265060240962, 15.647590361445781], "UrduTweets": [36.91860465116279, 19.476744186046513, 21.075581395348838, 22.52906976744186], "Popularity": [2.289055828169667, 69.09700980918801, -18.918476790436614, 9.695457572205704], "NegEmotion": [35.969871509366556, 24.527925752612276, 20.974074030621175, 18.5281287074], "PosEmotion": [16.277316266393747, 34.57108246413872, 22.674278005907983, 26.477323263559562], "NeuEmotion": [26.832008476113483, 21.066424702391377, 26.653399825028718, 25.44816699646642]}