{"NumberTweets": [35.16992137966016, 22.381435455237128, 31.375221912249557, 11.073421252853159], "UrduTweets": [35.41173375427519, 30.14996053670087, 19.468560905024994, 14.969744803998946], "Popularity": [15.529304842271818, 53.854175588792806, 29.14012378587141, 1.4763957830639678], "NegEmotion": [15.070971600883464, 36.62718775970969, 20.773529196315867, 27.528311443090974], "PosEmotion": [32.26921119760778, 25.6775683257281, 18.605837695864295, 23.447382780799835], "NeuEmotion": [23.799648815470896, 22.20090682927204, 28.847589639575368, 25.151854715681697]}