{"NumberTweets": [29.483839845634346, 42.33478051133623, 20.71394114809455, 7.4674384949348775], "UrduTweets": [35.75357535753575, 47.194719471947195, 9.24092409240924, 7.81078107810781], "Popularity": [24.4123944714104, 56.23896222711756, 17.8445747905665, -1.5040685109055418], "NegEmotion": [21.870631312394035, 27.37109325448561, 23.497085816390005, 27.261189616730352], "PosEmotion": [26.871271355703986, 28.976933959348383, 20.351316618097417, 23.80047806685023], "NeuEmotion": [16.209708514170334, 14.545781032885627, 35.70541706382974, 33.5390933891143]}