{"NumberTweets": [2241.0, 1158.0, 4141.0, 1519.0], "UrduTweets": [277.0, 221.0, 455.0, 362.0], "Popularity": [0.05033635372876141, 0.14901796551354135, 0.07916897781304677, 0.0030096162298370722], "NegEmotion": [0.12226684515841142, 0.06303972366148532, 0.09345568703211785, 0.09282422646477946], "PosEmotion": [0.1923248549754574, 0.34024179620034545, 0.3356677131127747, 0.28505595786701776], "NeuEmotion": [0.6849620705042392, 0.5958549222797928, 0.5706351122917169, 0.6214614878209348]}