{"NumberTweets": [3532.0, 2248.0, 4450.0, 1451.0], "UrduTweets": [407.0, 224.0, 399.0, 230.0], "Popularity": [0.13121318170126028, -0.000577042938509811, 0.07096489879180554, 0.012122612319657935], "NegEmotion": [0.14297848244620612, 0.20284697508896798, 0.08359550561797753, 0.14610613370089592], "PosEmotion": [0.3708946772366931, 0.23176156583629892, 0.27707865168539325, 0.2653342522398346], "NeuEmotion": [0.48584371460928655, 0.5649466192170819, 0.6391011235955056, 0.5878704341833219]}