{"NumberTweets": [6721.0, 6509.0, 6809.0, 2881.0], "UrduTweets": [738.0, 743.0, 599.0, 738.0], "Popularity": [-0.07603696822987234, -0.24795812046210472, 0.2669328767822909, 0.05544792830325097], "NegEmotion": [0.30929957139634556, 0.34149187054982444, 0.30229467922266207, 0.3186222490812199], "PosEmotion": [0.4345815474847733, 0.5516956044948167, 0.481686220659623, 0.5421781040696201], "NeuEmotion": [1.255456237311076, 1.1061978251203994, 1.2153635132447036, 1.137811235864087]}