{"NumberTweets": [6577.0, 10538.0, 8873.0, 5003.0], "UrduTweets": [1231.0, 1044.0, 858.0, 1175.0], "Popularity": [0.009005856686384758, 0.43987199534988713, 0.1295975680073696, 0.40008937837419156], "NegEmotion": [0.5299474711944205, 0.39410297312954123, 0.2746677626409009, 0.30373314737945434], "PosEmotion": [0.7732703304783659, 1.0797879685172065, 0.6412536560225622, 1.0500927982671788], "NeuEmotion": [1.6954137806634875, 1.5252547656543314, 2.0829158567616686, 1.6443741493966906]}