{"NumberTweets": [6537.0, 4410.0, 8418.0, 2662.0], "UrduTweets": [920.0, 566.0, 594.0, 776.0], "Popularity": [0.07881395208157559, 0.27819029364185743, -0.021854166744869237, 0.025741516546011707], "NegEmotion": [0.1459023159825728, 0.19607154155928896, 0.21064030034019948, 0.17514847611934992], "PosEmotion": [0.6488315857497238, 0.5041440651713979, 0.5015115461441573, 0.47790766792153755], "NeuEmotion": [1.2045847491192596, 1.2988760767978487, 1.2873729445433728, 1.345441172070853]}