{"NumberTweets": [2270.0, 3240.0, 2935.0, 1534.0], "UrduTweets": [384.0, 227.0, 300.0, 202.0], "Popularity": [0.015516425310679703, 0.16643700685341617, 0.03330539577006331, 0.016272205284259433], "NegEmotion": [0.18766519823788547, 0.12376543209876543, 0.10630323679727427, 0.08604954367666232], "PosEmotion": [0.20308370044052865, 0.32654320987654323, 0.22487223168654175, 0.2333767926988266], "NeuEmotion": [0.6088105726872247, 0.5493827160493827, 0.6684838160136286, 0.6799217731421121]}