{"NumberTweets": [4394.0, 7088.0, 4294.0, 3389.0], "UrduTweets": [739.0, 696.0, 418.0, 786.0], "Popularity": [0.005407581516544968, 0.30132146259962495, 0.1118958631114601, 0.26453037261821705], "NegEmotion": [0.36228828658608336, 0.2639580455933093, 0.1619794027369918, 0.19406771987016064], "PosEmotion": [0.49933537857731236, 0.7209473888070617, 0.3988426492525251, 0.6932154748471044], "NeuEmotion": [1.137466002376726, 1.014530127973172, 1.4382336117300025, 1.111536479012552]}