{"NumberTweets": [12512.0, 16311.0, 12592.0, 5730.0], "UrduTweets": [1804.0, 1437.0, 1312.0, 1182.0], "Popularity": [0.23093458142845946, 0.48789640298499615, 0.08546963865751042, 0.02773094214579002], "NegEmotion": [0.5508121486777953, 0.4541478948903693, 0.39862273106628704, 0.3773226683433798], "PosEmotion": [1.2305723284642198, 1.3006101344551062, 0.9316145234041546, 1.0995994544156875], "NeuEmotion": [2.217254719113935, 2.2441348041418445, 2.668435307080225, 2.520254318223998]}