{"NumberTweets": [5701.0, 4529.0, 3644.0, 2878.0], "UrduTweets": [796.0, 737.0, 219.0, 331.0], "Popularity": [0.3366319873274558, -0.23989280930844065, 0.0655836661194223, 0.19356158911326393], "NegEmotion": [0.2021771153817198, 0.37933876239284237, 0.1207470713318109, 0.22516902333487868], "PosEmotion": [0.8056907896387828, 0.449111537531494, 0.3748734442415134, 0.560104697882862], "NeuEmotion": [0.9914167624458575, 1.1706665028588366, 1.5032817892551789, 1.2133364240457425]}