{"NumberTweets": [8761.0, 13944.0, 13454.0, 6695.0], "UrduTweets": [1574.0, 1343.0, 1250.0, 1555.0], "Popularity": [0.023394874303598753, 0.5464179611538156, 0.16030114623646835, 0.5233644555716224], "NegEmotion": [0.6627313539783033, 0.5018540007278971, 0.38163130771839493, 0.41661730813595554], "PosEmotion": [0.9829772901853256, 1.423299418898886, 0.8743905257016716, 1.3911093467305358], "NeuEmotion": [2.3524650627147694, 2.0736986881440553, 2.7425971490559276, 2.189882423628369]}