{"NumberTweets": [4680.0, 3227.0, 6243.0, 2979.0], "UrduTweets": [743.0, 500.0, 606.0, 407.0], "Popularity": [0.004001088338569981, 0.3134702921052601, 0.10123638336620493, -0.019603623394008424], "NegEmotion": [0.298275747768597, 0.34305163764827984, 0.24834578075371277, 0.30606196129451946], "PosEmotion": [0.5764994134879687, 0.6748596206430838, 0.4490091853377972, 0.7019745758117851], "NeuEmotion": [1.1243701364838974, 0.9807469046684453, 1.301930466134432, 0.9906177156177156]}