{"NumberTweets": [5597.0, 7126.0, 6645.0, 2670.0], "UrduTweets": [833.0, 538.0, 675.0, 559.0], "Popularity": [0.13288911360399933, 0.22185130033994804, 0.02025771407647716, 0.017471603988169607], "NegEmotion": [0.2797973006119267, 0.2061759080083812, 0.22500473607386762, 0.1956732042574395], "PosEmotion": [0.6284991425774293, 0.6259848409598918, 0.4750258109108443, 0.5879870086145365], "NeuEmotion": [1.0909574445394767, 1.167170864343296, 1.2993565764651347, 1.2148415580684406]}