{"NumberTweets": [3377.0, 5988.0, 4331.0, 1808.0], "UrduTweets": [535.0, 818.0, 117.0, 441.0], "Popularity": [0.0640469669347472, -0.105588023360775, 0.06726474750429179, -0.05998465936122513], "NegEmotion": [0.08350607047675451, 0.09736138944555778, 0.10066959131840221, 0.06360619469026549], "PosEmotion": [0.29848978383180336, 0.16199064796259185, 0.3038559224197645, 0.19192477876106195], "NeuEmotion": [0.6177080248741487, 0.7404809619238477, 0.5952435927037636, 0.7439159292035398]}