{"NumberTweets": [2754.0, 2571.0, 2698.0, 905.0], "UrduTweets": [314.0, 186.0, 217.0, 229.0], "Popularity": [-0.022575870796345432, -0.030125174811691243, 0.3332580015356763, 0.0634268402476815], "NegEmotion": [0.12926652142338416, 0.1516919486581097, 0.1178650852483321, 0.14033149171270717], "PosEmotion": [0.2138707334785766, 0.3399455464799689, 0.251297257227576, 0.28950276243093925], "NeuEmotion": [0.6564996368917938, 0.5079735511474135, 0.6304670126019274, 0.569060773480663]}