{"NumberTweets": [2687.0, 1663.0, 2823.0, 1071.0], "UrduTweets": [330.0, 133.0, 276.0, 163.0], "Popularity": [-0.003779385025565534, 0.0694455417394162, 0.050243924667927785, -0.00047695248833491325], "NegEmotion": [0.059173799776702646, 0.17318099819603128, 0.10131066241586964, 0.11204481792717087], "PosEmotion": [0.20320059545962038, 0.24834636199639207, 0.26177825008855826, 0.2950513538748833], "NeuEmotion": [0.7372534425009304, 0.5778713168971737, 0.6365568544102019, 0.5919701213818861]}