{"NumberTweets": [3296.0, 3615.0, 2526.0, 879.0], "UrduTweets": [430.0, 495.0, 129.0, 86.0], "Popularity": [0.049300544206185584, 0.2937072442467792, 0.002438527292088776, -0.021694116866939984], "NegEmotion": [0.19492825734958885, 0.3379831749878728, 0.26069770360145567, 0.3655392130834174], "PosEmotion": [0.6063666395539581, 0.6188725286764828, 0.3299887062366671, 0.5784580258057664], "NeuEmotion": [1.197457009695444, 1.042033019224633, 1.4077286987074915, 1.0513354218658737]}