{"NumberTweets": [3127.0, 2126.0, 3572.0, 1982.0], "UrduTweets": [506.0, 293.0, 261.0, 256.0], "Popularity": [0.008780928774650788, 0.2502836618313897, 0.07569502883641918, -0.01453294187745251], "NegEmotion": [0.2487831488106492, 0.31711234102074826, 0.22025414686196526, 0.3044783636350608], "PosEmotion": [0.4802815679476445, 0.6071877761180713, 0.3942658138044237, 0.6728273298003782], "NeuEmotion": [1.269655614948752, 1.0736602667234614, 1.3841212418617657, 1.0206654335103906]}