{"NumberTweets": [2845.0, 1461.0, 2675.0, 939.0], "UrduTweets": [256.0, 129.0, 215.0, 131.0], "Popularity": [0.07469543596118285, 0.024248121701776437, 0.05716918846295444, 0.015315507119042136], "NegEmotion": [0.1258347978910369, 0.16632443531827515, 0.08261682242990655, 0.1288604898828541], "PosEmotion": [0.28084358523725833, 0.23408624229979466, 0.2680373831775701, 0.3035143769968051], "NeuEmotion": [0.5929701230228471, 0.5989048596851472, 0.6489719626168224, 0.5665601703940362]}