{"NumberTweets": [21.21958147902661, 41.70059653441909, 27.355364075371654, 9.724457911182654], "UrduTweets": [26.590693257359927, 49.952516619183285, 2.4691358024691357, 20.98765432098765], "Popularity": [187.89890821074687, -189.17343996651346, 210.32787421783286, -109.05334246206628], "NegEmotion": [30.456544861351876, 28.9634435978805, 17.42840432927061, 23.151607211497012], "PosEmotion": [26.195222923789313, 16.609749965444788, 25.479196117241532, 31.715830993524364], "NeuEmotion": [23.729504569556553, 28.026551010272136, 25.861968959666175, 22.381975460505128]}