{"NumberTweets": [28.663446054750402, 29.017713365539453, 25.79710144927536, 16.489533011272144], "Popularity": [22.19398131386847, 29.606323381680966, 6.24589265310057, 8.75227235529975], "NegEmotion": [7.72121388613162, 10.144581631369983, 9.162173974913465, 6.254745472078708], "PosEmotion": [14.484254615469105, 13.078563045541477, 12.736665612784694, 20.15761302139642], "NeuEmotion": [17.421234707640167, 17.395594228048257, 18.178679694928864, 13.298189435035448]}