{"NumberTweets": [21.390374331550802, 21.92513368983957, 16.577540106951872, 19.25133689839572, 20.32085561497326], "Popularity": [73.70170810395759, 8.390421876773237, -1.0935759940600138, 9.469649507006551, 4.852954166982923], "NegEmotion": [13.298011227143386, 6.486834744947992, 6.4345215615209925, 5.540838011309742, 1.7497383193609712], "PosEmotion": [14.438813273913572, 15.092836174822551, 7.9845972021641884, 11.459375614217123, 9.770625523700915], "NeuEmotion": [10.797073215805435, 13.012254664672259, 17.209756169405246, 15.525203316844415, 18.05083447843633]}