{"PTI": [89, 10, 0.5415114830420307, 0.06741573033707865, 0.5617977528089888, 0.3595505617977528], "PMLN": [89, 8, 0.11522671086766652, 0.15730337078651685, 0.30337078651685395, 0.5280898876404494], "PPP": [74, 2, 0.19516661974474472, 0.12162162162162163, 0.2702702702702703, 0.5945945945945946], "MQM": [61, 2, 0.03197342598045959, 0.14754098360655737, 0.29508196721311475, 0.5409836065573771]}