{"NumberTweets": [30.289119755174358, 36.3856003865668, 24.700008053475074, 8.625271804783765], "UrduTweets": [38.7567152724482, 44.97313891020722, 8.365310821181888, 7.904834996162702], "Popularity": [21.593040282403717, 56.34400246711998, 17.39562172474101, -4.667335525735304], "NegEmotion": [16.042635782391987, 32.77770248977256, 19.479215011337114, 31.700446716498337], "PosEmotion": [30.476299275571833, 27.86070651378515, 16.839944026589293, 24.823050184053724], "NeuEmotion": [24.869203676933495, 21.770279050127016, 30.031660624348454, 23.32885664859105]}