{"NumberTweets": [32.20195562241444, 36.75253854832644, 21.765701391500563, 9.279804437758555], "UrduTweets": [32.302405498281786, 50.85910652920962, 7.3883161512027495, 9.450171821305842], "Popularity": [33.25059166340908, 29.60346739570768, 36.8275593551037, 0.3183815857795308], "NegEmotion": [19.569757228470063, 33.17605544162126, 21.043604006969787, 26.210583322938895], "PosEmotion": [23.284245319683578, 24.856187034219108, 24.534510836560212, 27.325056809537095], "NeuEmotion": [27.266555747244436, 22.949220545250533, 26.262866647248213, 23.52135706025682]}