{"NumberTweets": [32.82048898391745, 34.3404294877754, 24.0680487124663, 8.771032815840849], "UrduTweets": [34.950248756218905, 46.807628524046436, 8.913764510779435, 9.328358208955224], "Popularity": [32.58490727265262, 53.96228314075964, 8.229735938080857, -5.223073648506875], "NegEmotion": [16.45324809008986, 32.11180678492284, 21.756137233566307, 29.678807891420984], "PosEmotion": [31.291488783173165, 24.86566902042035, 19.889940379966013, 23.95290181644046], "NeuEmotion": [24.40692940836892, 23.332626362222136, 27.977864381131955, 24.282579848276985]}