{"NumberTweets": [21.54637535132842, 38.93514344805642, 26.727475208145517, 12.791005992469639], "UrduTweets": [26.364522417153996, 48.732943469785575, 3.313840155945419, 21.58869395711501], "Popularity": [20.393804196386643, -43.781170128353466, 31.747399901197003, 4.077625774062882], "NegEmotion": [29.822544756792794, 25.697898792000174, 26.257715686942447, 18.22184076426459], "PosEmotion": [29.25388713634684, 17.530549854914124, 29.833195425879545, 23.3823675828595], "NeuEmotion": [22.7789847200121, 27.487063795400623, 23.13104907744579, 26.60290240714148]}