{"NumberTweets": [3401.0, 1758.0, 5857.0, 2321.0], "UrduTweets": [322.0, 301.0, 651.0, 367.0], "Popularity": [0.09063629885110072, 0.03209273768605459, 0.2207888011067368, 0.012121114699310945], "NegEmotion": [0.09820640987944722, 0.09442548350398179, 0.09253884241079051, 0.08401551055579491], "PosEmotion": [0.26639223757718317, 0.1820250284414107, 0.285128905583063, 0.3860404997845756], "NeuEmotion": [0.6351073213760658, 0.7229806598407281, 0.6221615161345398, 0.5295131408875484]}