{"NumberTweets": [3425.0, 3909.0, 2315.0, 987.0], "UrduTweets": [376.0, 592.0, 86.0, 110.0], "Popularity": [0.07555018333076793, 0.06726338621617237, 0.08367757449455136, 0.0007234092980442924], "NegEmotion": [0.1164963503649635, 0.19749296495267332, 0.12526997840172785, 0.15602836879432624], "PosEmotion": [0.26072992700729924, 0.2783320542338194, 0.27473002159827214, 0.3059777102330294], "NeuEmotion": [0.6224817518248175, 0.5239191609107189, 0.5995680345572354, 0.5369807497467072]}