{"NumberTweets": [10320.0, 9975.0, 10678.0, 4287.0], "UrduTweets": [1287.0, 1143.0, 950.0, 1118.0], "Popularity": [-0.03589553403277864, -0.12337811752647868, 0.25174516214490217, 0.04714524804865336], "NegEmotion": [0.2778964391705083, 0.28665397323475783, 0.29324864946583645, 0.29524161698137763], "PosEmotion": [0.4559884490320354, 0.6088798299630125, 0.5073420106440982, 0.5458739916937021], "NeuEmotion": [1.2656862268803706, 1.1040651547925666, 1.1990220324882648, 1.1579513366383827]}