{"NumberTweets": [6050.0, 2813.0, 6190.0, 2194.0], "UrduTweets": [835.0, 323.0, 691.0, 339.0], "Popularity": [0.014827663508997493, -0.12302488095288441, 0.059593247054844894, 0.0017946377634249261], "NegEmotion": [0.1290909090909091, 0.22431567721293993, 0.11324717285945073, 0.15907019143117593], "PosEmotion": [0.28859504132231406, 0.3064344116601493, 0.2395799676898223, 0.3527803099361896], "NeuEmotion": [0.5821487603305785, 0.46889441876999643, 0.6470113085621971, 0.487693710118505]}