{"NumberTweets": [7061.0, 7388.0, 5178.0, 1887.0], "UrduTweets": [843.0, 1129.0, 215.0, 225.0], "Popularity": [0.11554653748149743, 0.19135101166127633, 0.029182758878996663, -0.01852109229730184], "NegEmotion": [0.1920186035981278, 0.374762737672917, 0.25390628454662906, 0.34636828038837575], "PosEmotion": [0.6394209401750631, 0.5081135504063667, 0.4064378165548608, 0.4894617544571873], "NeuEmotion": [1.1679927615511918, 1.1165820264842239, 1.3388797310004126, 1.162042017659596]}