{"NumberTweets": [3448.0, 4152.0, 4449.0, 2352.0], "UrduTweets": [499.0, 292.0, 467.0, 323.0], "Popularity": [0.05429389563691024, 0.2352133610914031, 0.04015495766165153, 0.029105861788517318], "NegEmotion": [0.15342227378190254, 0.13342967244701348, 0.10721510451786918, 0.09183673469387756], "PosEmotion": [0.2874129930394432, 0.3884874759152216, 0.22476961114857272, 0.24149659863945577], "NeuEmotion": [0.5588747099767981, 0.47784200385356457, 0.6677905147224096, 0.6662414965986394]}