{"NumberTweets": [7217.0, 4412.0, 10344.0, 4364.0], "UrduTweets": [1019.0, 538.0, 1037.0, 1171.0], "Popularity": [0.39478186966613354, 0.40335017044590077, 0.13933681369224754, -0.03637845945602018], "NegEmotion": [0.2009462578244426, 0.22328350989378926, 0.13445153586779668, 0.19706691109074242], "PosEmotion": [0.4931446203504599, 0.6553674836018333, 0.5344889079000166, 0.4486709440879927], "NeuEmotion": [1.3053538437675134, 1.1204030243982763, 1.330672515482004, 1.353345554537122]}