{"NumberTweets": [6920.0, 10200.0, 6285.0, 4525.0], "UrduTweets": [1332.0, 962.0, 604.0, 1173.0], "Popularity": [-0.09074529490051879, -0.09766146942014231, 0.1147227945873611, 0.029463446339270664], "NegEmotion": [0.39356715849473756, 0.30431715560433, 0.24300530960891753, 0.3278710786756157], "PosEmotion": [0.4115760805867018, 0.6658898371226201, 0.47365755945033067, 0.5038697890715828], "NeuEmotion": [1.194278673650607, 1.029400850349996, 1.2826926314999332, 1.1673749719120334]}