{"NumberTweets": [23473.0, 7513.0, 27955.0, 9340.0], "UrduTweets": [2294.0, 1099.0, 2347.0, 1187.0], "Popularity": [0.29808434815650703, 0.19622218369497693, -0.016424758623318686, -0.03411119414011738], "NegEmotion": [0.45575525724759525, 0.5248917150506356, 0.3341042226183984, 0.7834613946146614], "PosEmotion": [0.8588716398131211, 1.361989052290677, 1.0884231553544574, 0.9306985408261328], "NeuEmotion": [2.6846278714793974, 2.110889248437401, 2.576900266620652, 2.284126727830608]}