{"NumberTweets": [8939.0, 6687.0, 14048.0, 4367.0], "UrduTweets": [1166.0, 797.0, 1470.0, 696.0], "Popularity": [0.22236331559856548, -0.013928480391471846, 0.10789920684365853, 0.0273503028040341], "NegEmotion": [0.23937996957878876, 0.37249667643965, 0.16486128838271216, 0.2373231826184396], "PosEmotion": [0.7467931573901196, 0.4444470804144939, 0.4838999235597402, 0.5082773931856192], "NeuEmotion": [1.0133665900129039, 1.1824575994270496, 1.3509540499646033, 1.253483047984371]}