{"NumberTweets": [6947.0, 3551.0, 7006.0, 2264.0], "UrduTweets": [803.0, 464.0, 401.0, 624.0], "Popularity": [0.10314886843707785, 0.23402949664024825, -0.18172249046689573, 0.0253072298884299], "NegEmotion": [0.17055817776905302, 0.20716300110078006, 0.18711326829611796, 0.17678353331382304], "PosEmotion": [0.570204875305403, 0.486426461864474, 0.4906172123889766, 0.4850937469515169], "NeuEmotion": [1.2586610418584416, 1.3052840615294814, 1.321698509342851, 1.3363558677202225]}