{"NumberTweets": [2633.0, 4773.0, 3311.0, 1324.0], "UrduTweets": [453.0, 623.0, 163.0, 288.0], "Popularity": [0.07244672667276376, -0.03880433554470712, 0.052482711383503966, 0.011219336623610535], "NegEmotion": [0.1222939612609191, 0.10391787135973182, 0.10178193899124131, 0.08987915407854985], "PosEmotion": [0.3368780858336498, 0.1715901948460088, 0.3252793717909997, 0.3240181268882175], "NeuEmotion": [0.5404481579946828, 0.7242824219568406, 0.5726366656599214, 0.5853474320241692]}