{"NumberTweets": [2196.0, 1756.0, 3773.0, 1482.0], "UrduTweets": [311.0, 183.0, 351.0, 342.0], "Popularity": [0.10473537915758417, 0.11146202844175443, 0.09985158117763811, -0.019172138243103383], "NegEmotion": [0.10245901639344263, 0.12585421412300685, 0.06732043466737345, 0.10458839406207827], "PosEmotion": [0.1826047358834244, 0.28815489749430523, 0.3175192154783992, 0.23481781376518218], "NeuEmotion": [0.7144808743169399, 0.5854214123006833, 0.6148953087728598, 0.659919028340081]}