{"NumberTweets": [11339.0, 17181.0, 16883.0, 8260.0], "UrduTweets": [2019.0, 1549.0, 1552.0, 1793.0], "Popularity": [0.06535542242006843, 0.6470847436628206, 0.16934908932097645, 0.5472444268752678], "NegEmotion": [0.8570680490907936, 0.6489037381390803, 0.5105318618157995, 0.5092690653244539], "PosEmotion": [1.1850719371985141, 1.726666734314394, 1.1036118730332551, 1.6000550336314943], "NeuEmotion": [2.9556458229940556, 2.622972707297593, 3.3841836174140494, 2.8876460019031294]}