{"NumberTweets": [4242.0, 1934.0, 4450.0, 1414.0], "UrduTweets": [424.0, 249.0, 505.0, 148.0], "Popularity": [0.015761202264617063, 0.015182594726278623, 0.0741856247006548, 0.0015553690707604702], "NegEmotion": [0.12329090051862329, 0.12461220268872802, 0.10449438202247191, 0.15134370579915135], "PosEmotion": [0.27887788778877887, 0.3624612202688728, 0.23258426966292134, 0.342998585572843], "NeuEmotion": [0.5975954738330976, 0.5124095139607032, 0.6626966292134832, 0.504950495049505]}