{"NumberTweets": [16808.0, 20017.0, 16189.0, 7441.0], "UrduTweets": [2422.0, 1787.0, 1790.0, 1582.0], "Popularity": [0.25146906054136275, 0.6395460284628494, 0.1396584660144211, 0.13229477512665636], "NegEmotion": [0.6897786291247227, 0.5941910681229651, 0.5000961811635903, 0.5193448775777456], "PosEmotion": [1.5129280081662682, 1.6427580027767468, 1.1837690966596452, 1.3076649132117133], "NeuEmotion": [2.7956997842908438, 2.7616739298838846, 3.3145292742751096, 3.1695821966576623]}