{"NumberTweets": [2340.0, 3363.0, 1794.0, 1464.0], "UrduTweets": [447.0, 364.0, 141.0, 429.0], "Popularity": [-0.0315639803756137, -0.08994172709903449, -0.04623800946226913, 0.00674965668101899], "NegEmotion": [0.13504273504273503, 0.1623550401427297, 0.13935340022296544, 0.16598360655737704], "PosEmotion": [0.19786324786324785, 0.30597680642283676, 0.2028985507246377, 0.24385245901639344], "NeuEmotion": [0.6666666666666666, 0.5313707998810586, 0.657190635451505, 0.5894808743169399]}