{"NumberTweets": [6408.0, 3387.0, 8957.0, 3109.0], "UrduTweets": [651.0, 401.0, 761.0, 457.0], "Popularity": [0.11620085643217884, 0.07232062872683506, 0.13875709134184971, -0.014806799603453104], "NegEmotion": [0.17184113899105252, 0.2650178325263318, 0.17550474757984214, 0.3427272779953624], "PosEmotion": [0.4248976476813192, 0.6288725035689582, 0.5732164442101783, 0.4790812436514815], "NeuEmotion": [1.4025681205894835, 1.104725006254875, 1.250832229975476, 1.1769045969275447]}