{"NumberTweets": [21.742574257425744, 42.363036303630366, 26.31023102310231, 9.584158415841584], "UrduTweets": [31.12183353437877, 40.41013268998794, 7.599517490952954, 20.86851628468034], "Popularity": [22.712725787465494, -64.86493294802396, 8.700763350575574, 3.7215779139349725], "NegEmotion": [28.152679220168853, 24.80444923438592, 26.108678877389913, 20.934192668055314], "PosEmotion": [28.431622613764507, 13.057690901272442, 23.78884851766051, 34.72183796730254], "NeuEmotion": [22.790998544381083, 30.98180315460205, 25.43151780645069, 20.795680494566174]}