{"NumberTweets": [33.421847816134054, 18.166834538961634, 37.61560296676129, 10.795714678143026], "UrduTweets": [37.31884057971014, 19.92753623188406, 20.19927536231884, 22.554347826086957], "Popularity": [25.972521452498448, 54.038643768768765, -18.01067704547483, 1.9781577332579463], "NegEmotion": [25.269592399378816, 27.01689644756277, 23.423749083164115, 24.2897620698943], "PosEmotion": [24.175502109834067, 24.143438851742097, 25.0935882413249, 26.587470797098934], "NeuEmotion": [25.281198404930695, 25.0078804042846, 25.22379661742467, 24.487124573360035]}