{"NumberTweets": [31.201695337820993, 34.928945400149594, 25.50486163051608, 8.36449763151334], "UrduTweets": [38.02978235967927, 41.809851088201604, 12.256586483390606, 7.903780068728522], "Popularity": [15.422090091510313, 66.55572373855861, 14.784243309033979, -3.2379428608970784], "NegEmotion": [16.438691627517716, 25.062333245884936, 22.31907353201613, 36.17990159458121], "PosEmotion": [28.395717008359174, 30.688201818523808, 13.52392331114104, 27.392157861975985], "NeuEmotion": [25.38776964215204, 22.48708890606221, 30.704992892892495, 21.42014855889326]}