{"NumberTweets": [24.737829782536704, 12.782867866210399, 45.7114471796004, 16.767855171652503], "UrduTweets": [21.064638783269963, 16.806083650190114, 34.60076045627377, 27.528517110266158], "Popularity": [17.879385092631, 52.93092156603, 28.120682903192336, 1.0690104381466752], "NegEmotion": [32.90400780892064, 16.965020704854687, 25.15045392648129, 24.98051755974338], "PosEmotion": [16.676187364165713, 29.501833984386977, 29.10522239407888, 24.716756257368445], "NeuEmotion": [27.698584878653147, 24.095258483408198, 23.075416542285858, 25.130740095652783]}