{"NumberTweets": [23.851417399804497, 19.07244487889649, 40.97968936678614, 16.096448354512873], "UrduTweets": [26.20050547598989, 15.417017691659646, 29.57034540859309, 28.81213142375737], "Popularity": [31.243668944323556, 33.25029941656325, 29.786780464960643, -5.7192511741525625], "NegEmotion": [25.600542005729523, 31.446096289680153, 16.82077064772958, 26.132591056860743], "PosEmotion": [17.84823883752749, 28.16497287323895, 31.03511399058544, 22.95167429864813], "NeuEmotion": [27.749883918553824, 22.7373143477224, 23.882057664346934, 25.63074406937683]}