{"NumberTweets": [30.237137231401423, 19.244927660303055, 38.0960534200839, 12.421881688211625], "UrduTweets": [32.301587301587304, 17.77777777777778, 31.666666666666664, 18.253968253968253], "Popularity": [61.064112222946775, -0.2685447780303588, 33.02571043189064, 5.641632567132233], "NegEmotion": [24.843049654439668, 35.24542566245314, 14.525033847220781, 25.386490835886416], "PosEmotion": [32.39059214973938, 20.23996248993854, 24.197547581449594, 23.17189777887248], "NeuEmotion": [21.32987281944999, 24.802707486643826, 28.05829379931873, 25.809125894587464]}