{"NumberTweets": [35.23255813953489, 16.06312292358804, 36.96013289036545, 11.744186046511627], "UrduTweets": [31.975867269984914, 18.778280542986426, 38.08446455505279, 11.161387631975868], "Popularity": [14.773616887652086, 14.231264473400692, 69.53720785368284, 1.4579107852643818], "NegEmotion": [24.47504844040672, 24.73734626191418, 20.743664382304107, 30.04394091537498], "PosEmotion": [22.916661560946597, 29.78508328405267, 19.112504883506833, 28.185750271493916], "NeuEmotion": [26.237346373913567, 22.497268623608278, 29.095603569372496, 22.169781433105662]}