{"NumberTweets": [26.113157013726145, 37.52929360562437, 20.020087043856712, 16.33746233679277], "UrduTweets": [32.367849384503984, 26.357711803041273, 10.209992758870385, 31.064446053584362], "Popularity": [-18.088927803484918, -51.54449434622504, -26.498432865141357, 3.8681449851487013], "NegEmotion": [22.405001185147455, 26.936398064371204, 23.120185592818647, 27.538415157662694], "PosEmotion": [20.81475992684103, 32.188058356722436, 21.34446224068965, 25.65271947574688], "NeuEmotion": [27.269776203433377, 21.73554419069378, 26.88216232763207, 24.112517278240784]}