{"NumberTweets": [29.312474269246604, 15.493344311788116, 40.97250811948218, 14.221673299483099], "UrduTweets": [28.6784140969163, 17.665198237885463, 33.52422907488987, 20.132158590308368], "Popularity": [33.9683788168554, 21.141105051149967, 40.56212309395437, -4.328393038040266], "NegEmotion": [17.992122165757767, 27.747914422089394, 18.37570955166571, 35.884253860487135], "PosEmotion": [20.174926932101354, 29.860030711742603, 27.21737797638492, 22.747664379771123], "NeuEmotion": [28.420660740355856, 22.385375906705693, 25.345990636301313, 23.84797271663712]}