{"NumberTweets": [29.677214327870338, 20.0208834612067, 38.216734008262584, 12.085168202660372], "UrduTweets": [32.212885154061624, 19.817927170868348, 20.798319327731093, 27.170868347338935], "Popularity": [19.479477486212634, 68.75688147538345, -5.4014262429828745, 6.362214795421039], "NegEmotion": [20.048063635854366, 26.94168845702358, 28.94354429576155, 24.0667036113605], "PosEmotion": [30.427365794361688, 23.64215340457194, 23.518699767046094, 22.411781034020272], "NeuEmotion": [23.452497434368233, 25.28828949638972, 25.06433084185542, 26.194882227386625]}