{"NumberTweets": [22.7477703176671, 32.468183184687845, 29.411764705882355, 15.3722817917627], "UrduTweets": [34.50134770889488, 20.395327942497754, 26.954177897574123, 18.149146451033243], "Popularity": [6.701661153147461, 71.88539892032749, 14.384851700913941, 7.028088225611113], "NegEmotion": [37.251166713872564, 24.567190868716153, 21.10098000770457, 17.0806624097067], "PosEmotion": [20.5576118727601, 33.05508297202339, 22.763205761690703, 23.62409939352581], "NeuEmotion": [24.288312663697425, 21.9174563945918, 26.668958560123407, 27.125272381587372]}