{"NumberTweets": [8253.0, 4743.0, 6580.0, 2206.0], "UrduTweets": [989.0, 707.0, 479.0, 394.0], "Popularity": [0.09491919295255086, 0.5921920345463325, 0.1159208934032526, 0.016688559821864908], "NegEmotion": [0.22541144594307952, 0.4892857634810449, 0.31840801663946805, 0.4066671479750964], "PosEmotion": [0.9977759372709549, 0.9197680099171207, 0.6282032248871858, 0.763172654350089], "NeuEmotion": [1.7757213258584874, 1.5890285498801355, 2.0519709322153634, 1.825834921765905]}