{"NumberTweets": [2179.0, 4394.0, 2750.0, 1111.0], "UrduTweets": [339.0, 542.0, 118.0, 246.0], "Popularity": [0.08373792492357464, -0.19385994672462808, 0.08479827760855906, 0.011711995521575728], "NegEmotion": [0.11151904543368518, 0.10355029585798817, 0.09745454545454546, 0.0891089108910891], "PosEmotion": [0.29417163836622306, 0.15771506599908966, 0.32036363636363635, 0.3483348334833483], "NeuEmotion": [0.593850390087196, 0.7385070550751024, 0.5818181818181818, 0.5616561656165616]}