{"NumberTweets": [27.807603017991873, 19.058328496807896, 35.14944863609983, 17.984619849100405], "UrduTweets": [35.515151515151516, 22.727272727272727, 21.454545454545453, 20.303030303030305], "Popularity": [0.8939748160085895, 67.44708356399981, 25.272752657570486, -6.3861889624211186], "NegEmotion": [24.976753438759737, 29.129849169965333, 18.830575773475687, 27.062821617799248], "PosEmotion": [23.134829855837477, 28.406436694912472, 17.84153498709996, 30.617198462150082], "NeuEmotion": [25.9386134297255, 22.26006972858831, 30.118420407387575, 21.68289643429862]}