{"NumberTweets": [24.276678778091778, 16.902166599380973, 42.91481631005249, 15.90633831247477], "UrduTweets": [26.98744769874477, 14.539748953974897, 31.380753138075313, 27.09205020920502], "Popularity": [28.1544128211991, 36.16605057564116, 31.503723137035678, -4.175813466124072], "NegEmotion": [29.023352181792777, 27.4364618254342, 18.680064756909566, 24.86012123586346], "PosEmotion": [18.74655329837595, 28.447012586367492, 30.256699824230644, 22.54973429102591], "NeuEmotion": [26.95895435160708, 23.23896098092284, 23.7947281835817, 26.007356483888376]}