{"NumberTweets": [29.51067040310412, 19.89652942444492, 38.31644751023928, 12.276352662211684], "UrduTweets": [30.60796645702306, 19.07756813417191, 32.075471698113205, 18.238993710691823], "Popularity": [59.33531906926679, 6.417558551337528, 27.367412306377936, 6.879710073017746], "NegEmotion": [23.59025270619803, 33.00120216004092, 16.826793634541527, 26.581751499219518], "PosEmotion": [32.21886260863877, 19.79020162793976, 23.06109041954288, 24.929845343878572], "NeuEmotion": [21.711980146355252, 25.720252720863073, 27.923371726556724, 24.644395406224955]}