{"NumberTweets": [36.06058328322309, 21.98962717979555, 31.09966927239928, 10.850120264582081], "UrduTweets": [39.86486486486486, 27.14987714987715, 17.997542997542997, 14.987714987714988], "Popularity": [17.99995260953004, 67.75043408381106, 12.303398735705331, 1.9462145709535614], "NegEmotion": [15.072379690296502, 35.56146743617326, 22.087674174124906, 27.27847869940533], "PosEmotion": [31.494989423887166, 26.161887473465768, 19.228984995565895, 23.114138107081168], "NeuEmotion": [24.14948563113538, 22.211420284895258, 28.282771331712347, 25.35632275225702]}