{"NumberTweets": [35.142654795629305, 17.96337515176042, 35.44111695669769, 11.452853095912587], "UrduTweets": [35.0349040139616, 20.24432809773124, 17.4956369982548, 27.225130890052355], "Popularity": [18.953938979990216, 43.00367872230198, -33.392096760639674, 4.6502855370681155], "NegEmotion": [22.998117933806572, 27.933923738844673, 25.230411508505902, 23.83754681884286], "PosEmotion": [28.056537340411214, 23.9342783299689, 24.14048131711818, 23.86870301250169], "NeuEmotion": [24.103048010064867, 24.9958673189441, 25.310199939520157, 25.590884731470876]}