{"NumberTweets": [35.89224225237999, 16.609276888798867, 35.132671662953214, 12.365809195867936], "UrduTweets": [35.2994555353902, 20.235934664246823, 34.11978221415608, 10.344827586206897], "Popularity": [26.4028909305833, 33.99688982632594, 36.963857133919205, 2.6363621091715483], "NegEmotion": [24.40481707299147, 26.716069164852758, 19.519484481147174, 29.359629281008615], "PosEmotion": [24.35328132698363, 28.231000902352555, 19.012398395107574, 28.40331937555623], "NeuEmotion": [25.462537736804226, 23.01620028789772, 29.19805663057656, 22.323205344721487]}