{"NumberTweets": [32.646109716744355, 24.60559340265328, 31.982789530297595, 10.76550735030477], "UrduTweets": [29.221279876638395, 22.89899768696993, 23.284502698535082, 24.595219737856592], "Popularity": [5.637292010483487, -15.752099988485737, 67.5488441867887, 11.06176381424208], "NegEmotion": [21.71897567757423, 26.976881869394383, 24.056184883980496, 27.24795756905088], "PosEmotion": [18.947737276475248, 28.983858704666183, 24.561675032007816, 27.506728986850753], "NeuEmotion": [28.524490160455223, 22.728850372563215, 25.420491541796427, 23.326167925185125]}