{"NumberTweets": [17195.0, 19878.0, 20182.0, 8875.0], "UrduTweets": [2646.0, 2033.0, 2476.0, 1946.0], "Popularity": [0.2630022036330839, 0.47842554785823466, -0.14121949767441194, 0.02731146359544181], "NegEmotion": [0.48390361837814233, 0.48475916542344566, 0.4897874824093684, 0.3825737966035167], "PosEmotion": [1.2125448796604705, 1.4163990098956463, 0.9845616533364618, 1.0658236517716742], "NeuEmotion": [2.3026066922492108, 2.0979692469315667, 2.5248515603715784, 2.5497904668750238]}