{"NumberTweets": [4063.0, 7342.0, 5040.0, 2412.0], "UrduTweets": [541.0, 1000.0, 68.0, 443.0], "Popularity": [0.03629647047707646, -0.07792082015268141, 0.05650336504858196, 0.007257273929846916], "NegEmotion": [0.12281565345803594, 0.10582947425769546, 0.10813492063492064, 0.07504145936981758], "PosEmotion": [0.2702436623184839, 0.16194497412149278, 0.2755952380952381, 0.2160033167495854], "NeuEmotion": [0.606694560669456, 0.7320893489512394, 0.6160714285714286, 0.7085406301824212]}