{"NumberTweets": [7041.0, 3534.0, 9788.0, 4420.0], "UrduTweets": [1343.0, 772.0, 1183.0, 586.0], "Popularity": [0.02072750960563634, 0.6224943018031553, 0.1654017096739933, -0.011566111416048599], "NegEmotion": [0.2732495674487821, 0.3050301573717735, 0.19416430444010555, 0.30586249484036243], "PosEmotion": [0.5501915134435402, 0.8319021179340279, 0.5072440073839252, 0.6922980534243613], "NeuEmotion": [1.1759908174241733, 0.8619358624188416, 1.2981608198120211, 1.0009344676892031]}