{"NumberTweets": [3764.0, 2656.0, 5326.0, 2182.0], "UrduTweets": [530.0, 281.0, 541.0, 637.0], "Popularity": [0.2896432116934156, 0.1477342321947917, 0.06887455957627499, -0.008096562956274582], "NegEmotion": [0.1065356004250797, 0.1532379518072289, 0.07247465264739016, 0.09120073327222732], "PosEmotion": [0.2481402763018066, 0.28463855421686746, 0.2790086368757041, 0.21448212648945922], "NeuEmotion": [0.6450584484590861, 0.5617469879518072, 0.6483289523094254, 0.693858845096242]}