{"NumberTweets": [13747.0, 20683.0, 20090.0, 9739.0], "UrduTweets": [2419.0, 2019.0, 1930.0, 2238.0], "Popularity": [0.07826646976356999, 0.6375598929285169, 0.1695940145370533, 0.5592985229914428], "NegEmotion": [0.5422000055475035, 0.533817301782516, 0.3763846975017992, 0.4532118730813067], "PosEmotion": [1.2195506176933644, 1.540558023322053, 0.9531781358553828, 1.377577463082673], "NeuEmotion": [2.2370852365042735, 1.9248508928779948, 2.6695267587054827, 2.1675668057044923]}