{"NumberTweets": [8416.0, 6584.0, 5637.0, 4273.0], "UrduTweets": [1143.0, 1193.0, 326.0, 549.0], "Popularity": [0.264659906608358, 0.11060022278104231, 0.05551494304487635, 0.11645556710580078], "NegEmotion": [0.2542521817662501, 0.3769062258403904, 0.15962014732773055, 0.21717851515741027], "PosEmotion": [0.7414548969841683, 0.46409163843047807, 0.3825215051205185, 0.5883477572781333], "NeuEmotion": [1.003806417536609, 1.1583934857441953, 1.4571487484393728, 1.1935376170521523]}