{"NumberTweets": [18316.0, 24812.0, 25354.0, 12078.0], "UrduTweets": [2956.0, 2319.0, 2504.0, 2758.0], "Popularity": [0.10437050621710686, 0.7788386765993838, 0.22267751084647036, 0.6941106187340881], "NegEmotion": [0.67592729817171, 0.658060459932189, 0.49017649081486914, 0.5665081535430425], "PosEmotion": [1.4867863366690703, 1.8917326418737606, 1.157965369897936, 1.741408159961681], "NeuEmotion": [2.8359033586316538, 2.44919092678451, 3.3507577617449966, 2.6900122952299306]}