{"NumberTweets": [22384.0, 28962.0, 30424.0, 14433.0], "UrduTweets": [3564.0, 2631.0, 3034.0, 3150.0], "Popularity": [0.12836804033221053, 0.9093970993378215, 0.25871029853936756, 0.7517039201807816], "NegEmotion": [0.8539017327833128, 0.8207110623418276, 0.6055611061994846, 0.6752130367702187], "PosEmotion": [1.7542396306710368, 2.2300458948858086, 1.3885373620083896, 2.0080748266283477], "NeuEmotion": [3.3902298089758034, 2.9479861075074014, 4.004603915591151, 3.3142161168859814]}