{"NumberTweets": [21961.0, 25171.0, 25233.0, 11381.0], "UrduTweets": [3455.0, 2553.0, 3174.0, 2486.0], "Popularity": [0.29089942848584344, 0.6178163413116801, -0.0765739355570577, 0.09837042384550518], "NegEmotion": [0.6408486456546845, 0.6495050562226143, 0.5988747918530429, 0.4970989362683212], "PosEmotion": [1.5306313253172057, 1.7640279537838004, 1.2472819067516272, 1.3000614809815705], "NeuEmotion": [2.827365399760751, 2.5854054834703915, 3.1528460169148373, 3.2006284557018394]}