{"NumberTweets": [7991.0, 8755.0, 9763.0, 4240.0], "UrduTweets": [1197.0, 932.0, 1136.0, 976.0], "Popularity": [0.1223395766344199, 0.19402014976707768, -0.12472150845126168, 0.015441714592245203], "NegEmotion": [0.22737448406128302, 0.22062871050123853, 0.26676243875284833, 0.1910357459442718], "PosEmotion": [0.6156596631143655, 0.6566425278926478, 0.48890941559446244, 0.549987718005404], "NeuEmotion": [1.1564567155593903, 1.1222164840899067, 1.2439131578383602, 1.25803313646542]}