{"NumberTweets": [6880.0, 10495.0, 6654.0, 4983.0], "UrduTweets": [1201.0, 1014.0, 704.0, 1071.0], "Popularity": [0.03787073703925473, 0.3117956318628381, 0.09660853316650267, 0.2607253856509517], "NegEmotion": [0.2817350419858881, 0.2753467489795391, 0.17916437232777, 0.23754960921566692], "PosEmotion": [0.6086372756856797, 0.7674623463061914, 0.4572237076123956, 0.6186498754091008], "NeuEmotion": [1.1090461591620455, 0.9568097481366727, 1.362999626035029, 1.1429977788216736]}