{"NumberTweets": [10363.0, 15568.0, 13620.0, 7338.0], "UrduTweets": [1837.0, 1526.0, 1312.0, 1624.0], "Popularity": [0.05670057055832591, 0.496559875333644, 0.14723011268302416, 0.41934521269449454], "NegEmotion": [0.4189730551928936, 0.4200343105801699, 0.2799395661262196, 0.34200820794178155], "PosEmotion": [0.9184276862512841, 1.157566820976012, 0.7095923553298805, 1.0139789624579332], "NeuEmotion": [1.6617306265751952, 1.4218205898476919, 2.0097122301119743, 1.6427854645966207]}