{"NumberTweets": [29.268292682926827, 28.28984685195689, 30.283607487237663, 12.158252977878616], "UrduTweets": [28.61271676300578, 25.41129390840374, 21.120497999110714, 24.85549132947977], "Popularity": [-7.8346463700037825, -26.928807347845456, 54.94651003000818, 10.29003625214258], "NegEmotion": [24.101182574675, 24.860699062242908, 25.43263692636421, 25.605481436717874], "PosEmotion": [21.528342996110396, 28.746723410829635, 23.952871711263672, 25.772061881796297], "NeuEmotion": [26.77723568875602, 23.357932035407817, 25.366868089482786, 24.497964186353364]}