{"NumberTweets": [27.024698449167143, 19.069500287191268, 38.239517518667434, 15.666283744974152], "UrduTweets": [26.646556058320765, 14.12770236299648, 27.19959778783308, 32.02614379084967], "Popularity": [56.31263127823639, 28.722590445394463, 13.390638969902943, -1.5741393064662073], "NegEmotion": [25.15901938260537, 36.188059055245475, 17.11532279752406, 21.537598764625095], "PosEmotion": [24.178858828189487, 27.735261369254356, 27.18668062841243, 20.89919917414374], "NeuEmotion": [25.30640097044322, 22.037994471672796, 25.434706679809203, 27.220897878074783]}