{"NumberTweets": [23.942781751267272, 28.831331157558505, 30.893687938337617, 16.33219915283661], "UrduTweets": [31.562302340290955, 18.46932321315623, 29.538266919671095, 20.43010752688172], "Popularity": [15.133424415917032, 65.5613965425362, 11.19245560791618, 8.112723433630574], "NegEmotion": [31.574619992467223, 27.46010145321404, 22.065089371682205, 18.900189182636527], "PosEmotion": [25.163839778256342, 34.01320342691768, 19.67923030253351, 21.14372649229246], "NeuEmotion": [23.573764020103173, 20.1557423097653, 28.167916221478094, 28.10257744865343]}