{"NumberTweets": [25.987837002829362, 28.472470649452013, 31.750626036619078, 13.789066311099548], "UrduTweets": [28.224475359585004, 21.975949068615893, 26.786135345437394, 23.013440226361705], "Popularity": [26.798121930813835, 42.499539180439506, -27.319877040767782, 3.382461847978884], "NegEmotion": [25.1020244909682, 24.35729460707708, 29.4504341526712, 21.090246749283512], "PosEmotion": [26.638103280818733, 28.41133263156948, 21.15392689800231, 23.79663718960949], "NeuEmotion": [24.1905200157045, 23.474290005916153, 26.019915607417914, 26.31527437096143]}