{"NumberTweets": [22.101132461771417, 33.20181705730555, 29.04732453240632, 15.64972594851671], "UrduTweets": [29.16335926337514, 24.226067629782506, 20.828702968725192, 25.781870138117164], "Popularity": [5.063293387569499, 44.34220517627551, 13.147473626076303, 37.44702781007869], "NegEmotion": [28.678023285401704, 28.75066448829256, 19.161407389735036, 23.409904836570693], "PosEmotion": [24.1719114380031, 30.465765676566708, 18.67561684701327, 26.686706038416926], "NeuEmotion": [24.66921853594539, 21.107634588253944, 29.835178702323212, 24.38796817347746]}