{"NumberTweets": [21.393112248867862, 32.18693101355452, 31.264103082836648, 15.15585365474097], "UrduTweets": [28.10829653729956, 23.460376481524516, 22.42621426911457, 26.00511271206135], "Popularity": [5.41741855468355, 44.130376700351384, 11.73889360145834, 38.71331114350673], "NegEmotion": [28.45277376659731, 28.012878577852803, 19.7513621129788, 23.782985542571076], "PosEmotion": [23.955669611502156, 30.261227774090727, 18.723306906807128, 27.059795707599992], "NeuEmotion": [24.85918274108453, 21.389538187720454, 29.66460662472299, 24.086672446472026]}