{"NumberTweets": [29.846263854129422, 24.372542009295675, 30.84376117268502, 14.937432963889883], "UrduTweets": [33.65408964294758, 21.676373765510256, 17.01696632058749, 27.652570270954673], "Popularity": [25.991347034557936, 64.14768971622388, 2.3871515721222636, 7.473811677095939], "NegEmotion": [18.375110802101663, 30.64145648287066, 28.78374011885962, 22.19969259616806], "PosEmotion": [32.31672821574227, 27.337990926837413, 17.99505184096184, 22.350229016458474], "NeuEmotion": [22.913477213210726, 23.08121999371092, 27.41574239471668, 26.589560398361673]}