{"NumberTweets": [30.69600311062843, 23.41820522102892, 33.07053886274352, 12.815252805599131], "UrduTweets": [34.716671790142435, 27.390101444820164, 23.06588789835024, 14.827338866687162], "Popularity": [25.353386269443106, 63.59874857482875, 10.180397811215345, 0.8674673445127951], "NegEmotion": [17.746322227316362, 27.619067767448062, 23.793987951149152, 30.84062205408643], "PosEmotion": [32.622125367234304, 25.656520387123376, 19.91974883104427, 21.801605414598036], "NeuEmotion": [23.006870923478825, 24.1272596014088, 27.643861553456027, 25.222007921656324]}