{"NumberTweets": [25.500487365974355, 13.181375121841493, 43.91542325860389, 17.402714253580264], "UrduTweets": [19.622181596587446, 18.34247410115783, 39.6709323583181, 22.364411943936624], "Popularity": [25.485481343909083, 9.023965871737264, 62.08228869532505, 3.408264089028605], "NegEmotion": [26.600776938570093, 25.57665255342687, 25.065625636296645, 22.756944871706384], "PosEmotion": [23.793802158018345, 16.258234676555567, 25.467336551088664, 34.4806266143374], "NeuEmotion": [25.305473581427012, 28.806734502512505, 24.789655669235515, 21.09813624682498]}