{"NumberTweets": [24.77622627998568, 36.51987110633727, 22.502685284640172, 16.201217329036876], "UrduTweets": [32.71923360353721, 23.630557602554656, 14.836649471874233, 28.8135593220339], "Popularity": [-27.284186218242006, -29.363657046102965, 34.49344778073768, 8.85870895491735], "NegEmotion": [31.019809941728894, 23.985386293302913, 19.152966288472463, 25.841837476495723], "PosEmotion": [20.028098746109944, 32.403504579060346, 23.049105183638737, 24.519291491190973], "NeuEmotion": [25.552915917206903, 22.025172143189568, 27.444630540164543, 24.97728139943898]}