{"NumberTweets": [22.735849056603776, 30.79940417080437, 31.47219463753724, 14.992552135054618], "UrduTweets": [28.053525671443484, 22.008161715858403, 23.763879662142926, 26.174432950555186], "Popularity": [5.7983701141262864, 43.26887997194882, 12.37099129608875, 38.56175861783615], "NegEmotion": [28.273522439781768, 27.52616624739328, 20.503708091083773, 23.69660322174117], "PosEmotion": [23.68288935624699, 30.133243589975944, 18.445128971993284, 27.738738081783787], "NeuEmotion": [25.03917822869618, 21.624759512768826, 29.58500702859021, 23.751055229944782]}