{"NumberTweets": [23.71432510685234, 36.17468633668827, 22.935337101888873, 17.175651454570524], "UrduTweets": [30.100250626566417, 25.413533834586467, 17.644110275689222, 26.842105263157894], "Popularity": [5.356537712510421, 44.101202966768966, 13.664567729967505, 36.8776915907531], "NegEmotion": [28.931635353071282, 28.275615560554584, 18.398557211454637, 24.394191874919503], "PosEmotion": [24.822346118678798, 31.299785198998837, 18.647173903758176, 25.230694778564196], "NeuEmotion": [24.258130859390604, 20.928268752471862, 29.812846847276404, 25.000753540861144]}