{"NumberTweets": [26.001814607591108, 30.058974746711026, 30.51867533645849, 13.420535309239376], "UrduTweets": [29.07372816174047, 22.338204592901878, 27.2058015602681, 21.38226568508955], "Popularity": [28.902652389033335, 52.576621460824704, -15.519330239269483, 3.0013959108724944], "NegEmotion": [26.28448091212739, 26.330952170302872, 26.60407825743482, 20.780488660134917], "PosEmotion": [25.912792821738456, 30.26927473943783, 21.04065801694692, 22.777274421876793], "NeuEmotion": [24.301358558798476, 22.141646285764587, 26.646896876859614, 26.910098278577326]}