{"NumberTweets": [3056.0, 4388.0, 2147.0, 774.0], "UrduTweets": [325.0, 429.0, 84.0, 71.0], "Popularity": [0.21140598579871162, 0.4870170873178343, 0.15453010679376425, -0.013024903666420886], "NegEmotion": [0.38609917105338487, 0.4832030802143764, 0.4148122304424395, 0.4812628662888182], "PosEmotion": [0.948357811802241, 1.0226721809570194, 0.7182514678873411, 0.8399814433988093], "NeuEmotion": [1.6623408739942755, 1.4917014907454098, 3.6616682006545513, 3.4395069947554537]}