{"NumberTweets": [2241.0, 4404.0, 2889.0, 1027.0], "UrduTweets": [280.0, 526.0, 26.0, 221.0], "Popularity": [0.23986676702766235, -0.24149380049284316, 0.2684989906798557, -0.13921460714714368], "NegEmotion": [0.10887996430165105, 0.10354223433242507, 0.06230529595015576, 0.0827653359298929], "PosEmotion": [0.284694332887104, 0.18051771117166213, 0.27691242644513675, 0.34469328140214217], "NeuEmotion": [0.605979473449353, 0.7157129881925522, 0.660436137071651, 0.5715676728334956]}