{"NumberTweets": [24.1003998223012, 46.33496223900488, 20.9240337627721, 8.640604175921812], "UrduTweets": [33.78016085790885, 47.18498659517426, 9.115281501340483, 9.919571045576408], "Popularity": [19.317742311361187, 41.55306411688795, 35.74056206536657, 3.38863150638429], "NegEmotion": [32.139995949371034, 31.272528458606075, 13.403430113961837, 23.18404547806106], "PosEmotion": [19.253970950466158, 27.052019532105987, 19.600254409297257, 34.093755108130594], "NeuEmotion": [26.70900927744777, 23.255698074514925, 29.028615248800655, 21.00667739923664]}