{"NumberTweets": [28.739002932551323, 32.77126099706745, 29.633431085043988, 8.856304985337243], "UrduTweets": [35.294117647058826, 24.264705882352942, 22.205882352941174, 18.235294117647058], "Popularity": [-2.3616304041053593, -1.6988495565983686, 73.31609145148384, 22.623428587812423], "NegEmotion": [22.41595613242266, 26.529386818638056, 23.37463620206913, 27.680020846870164], "PosEmotion": [20.137025927911402, 28.724330134532693, 19.98243845432304, 31.156205483232856], "NeuEmotion": [28.154054203179452, 22.709225120562763, 28.019958246118453, 21.11676243013933]}