{"NumberTweets": [35.22627554218378, 27.96790773473737, 20.78475617400025, 16.0210605490786], "UrduTweets": [43.953732912723446, 27.339642481598318, 10.410094637223976, 18.29652996845426], "Popularity": [40.03382162175173, -12.307558902350383, 17.57604702469845, 30.082572451199447], "NegEmotion": [19.28269809613728, 38.54016254007128, 20.150289427517272, 22.02684993627416], "PosEmotion": [34.32670498819364, 21.61415703322069, 17.680759870589057, 26.37837810799662], "NeuEmotion": [21.712295260040914, 23.91867398735416, 29.451760663102206, 24.917270089502715]}