{"NumberTweets": [23.446611703197267, 45.00301628795496, 16.83088678865876, 14.719485220189021], "UrduTweets": [30.864197530864196, 29.492455418381347, 14.40329218106996, 25.240054869684496], "Popularity": [-49.480761864189404, 32.86270911133356, 3.2336329266124633, -14.422896097864571], "NegEmotion": [26.69274596023994, 23.779158187232362, 22.49455503477069, 27.033540817756997], "PosEmotion": [23.3083265346779, 33.87441708268719, 19.368154795547394, 23.449101587087515], "NeuEmotion": [25.372391386311122, 21.448718597765094, 27.961366111322803, 25.217523904600984]}