{"NumberTweets": [23.97307960083546, 12.9264330471107, 47.0178695753075, 16.082617776746343], "UrduTweets": [25.55066079295154, 10.866372980910425, 32.305433186490454, 31.277533039647576], "Popularity": [11.069503571318892, 59.922181026895146, 28.157662152331714, 0.8506532494542529], "NegEmotion": [31.5276281393019, 13.16901995402448, 26.936560814942627, 28.366791091731002], "PosEmotion": [15.587637139714758, 26.231778346330938, 37.38360030705128, 20.796984206903026], "NeuEmotion": [27.7433817161142, 26.031187005708762, 20.072164391128382, 26.153266887048666]}