{"NumberTweets": [23.394077448747154, 14.943052391799544, 46.12756264236902, 15.535307517084282], "UrduTweets": [33.572710951526034, 10.053859964093357, 30.16157989228007, 26.21184919210054], "Popularity": [17.73902774001046, 45.27317340746387, 34.089214392888934, -2.8985844596367403], "NegEmotion": [25.88105314246279, 25.63386911699191, 22.63539040849216, 25.84968733205314], "PosEmotion": [13.583645822225876, 29.152536764064536, 31.525564036508374, 25.738253377201207], "NeuEmotion": [29.734397462435997, 23.12554797778707, 22.59105536630277, 24.548999193474174]}