{"NumberTweets": [25.115346038114346, 30.792377131394183, 27.101303911735208, 16.99097291875627], "UrduTweets": [37.72893772893773, 19.5970695970696, 19.047619047619047, 23.626373626373624], "Popularity": [1.3366185131770352, 45.9004179343017, 40.61191844060996, 12.15104511191132], "NegEmotion": [39.247796357241846, 22.60633003922076, 17.81091096602877, 20.334962637508625], "PosEmotion": [16.239226360376847, 30.67630779843371, 24.300273817984895, 28.784192023204547], "NeuEmotion": [26.757346549640452, 22.775410378251745, 26.477718531777345, 23.989524540330454]}