{"NumberTweets": [1407.0, 1156.0, 2501.0, 981.0], "UrduTweets": [175.0, 108.0, 226.0, 210.0], "Popularity": [0.07391595715715005, 0.07525223032266239, 0.10157525346343393, -0.010353282928172626], "NegEmotion": [0.11087420042643924, 0.10207612456747404, 0.06837265093962415, 0.08868501529051988], "PosEmotion": [0.2302771855010661, 0.291522491349481, 0.3510595761695322, 0.2324159021406728], "NeuEmotion": [0.658137882018479, 0.6055363321799307, 0.5801679328268693, 0.6778797145769623]}