{"NumberTweets": [1558.0, 3132.0, 1038.0, 997.0], "UrduTweets": [273.0, 317.0, 116.0, 276.0], "Popularity": [-0.01383694976747673, -0.010887019425483906, -0.0073488966921459835, 0.004736944236543269], "NegEmotion": [0.14698331193838254, 0.1529374201787995, 0.09826589595375723, 0.15646940822467403], "PosEmotion": [0.21437740693196405, 0.34738186462324394, 0.21290944123314065, 0.22166499498495487], "NeuEmotion": [0.637997432605905, 0.49936143039591313, 0.6878612716763006, 0.6208625877632898]}