{"NumberTweets": [8443.0, 10363.0, 8149.0, 4117.0], "UrduTweets": [1279.0, 870.0, 842.0, 913.0], "Popularity": [0.13972987892710914, 0.6977926602760905, -0.003947673976777685, 0.17063842141127702], "NegEmotion": [0.5725298893108826, 0.5273532280799031, 0.42263344902824385, 0.3936668694261122], "PosEmotion": [0.9781228651124403, 1.2778274798042437, 0.8779202794220248, 1.0185852076897717], "NeuEmotion": [2.447321501079132, 2.193086894175554, 2.6974238440913925, 2.5837399535929366]}