{"NumberTweets": [2670.0, 1350.0, 2691.0, 921.0], "UrduTweets": [303.0, 175.0, 299.0, 89.0], "Popularity": [0.013867042777868373, 0.013346896806942765, 0.06787829011853735, 0.0019728036148570017], "NegEmotion": [0.1198501872659176, 0.12666666666666668, 0.09959123002601264, 0.1487513572204126], "PosEmotion": [0.2786516853932584, 0.3162962962962963, 0.21330360460795245, 0.32030401737242126], "NeuEmotion": [0.601123595505618, 0.5562962962962963, 0.6867335562987736, 0.5298588490770901]}