{"NumberTweets": [4250.0, 8220.0, 4994.0, 3490.0], "UrduTweets": [794.0, 593.0, 368.0, 870.0], "Popularity": [0.023884065378550215, 0.5664136191003059, 0.11544545683583715, 0.2130527616756263], "NegEmotion": [0.4615138515003464, 0.345072072072072, 0.264740125444046, 0.26304988039882965], "PosEmotion": [0.575077354531919, 1.1179009009009009, 0.6779881651593661, 0.972106067900639], "NeuEmotion": [1.9612910024863526, 1.5359099099099098, 2.0552178968144714, 1.7622612623841758]}