{"NumberTweets": [1447.0, 759.0, 2685.0, 1024.0], "UrduTweets": [209.0, 125.0, 297.0, 404.0], "Popularity": [0.06845619393279277, 0.2201446347030262, 0.08667151628340848, 4.58931924856762e-06], "NegEmotion": [0.1022805805114029, 0.05138339920948617, 0.08789571694599628, 0.0654296875], "PosEmotion": [0.17069799585349, 0.3346508563899868, 0.3750465549348231, 0.185546875], "NeuEmotion": [0.7263303386316516, 0.6126482213438735, 0.536685288640596, 0.748046875]}