{"NumberTweets": [4040.0, 4365.0, 4251.0, 1700.0], "UrduTweets": [546.0, 314.0, 347.0, 311.0], "Popularity": [0.08887164008136281, 0.2750748306652735, -0.0027556220667704916, 0.01854074715666146], "NegEmotion": [0.268043158959019, 0.2489333926340503, 0.233739465701776, 0.1611889684764179], "PosEmotion": [0.4819399182764782, 0.5939319939247685, 0.41950333619698876, 0.6296480847088135], "NeuEmotion": [1.2489317169138465, 1.1560691045380183, 1.3457781043215093, 1.206809924218831]}