{"NumberTweets": [5981.0, 10339.0, 7315.0, 4555.0], "UrduTweets": [1110.0, 704.0, 545.0, 1041.0], "Popularity": [0.03426544279074891, 0.7634019379260992, 0.1144331950621969, 0.2256016025557785], "NegEmotion": [0.6146045505182551, 0.4498384713169989, 0.42113822970944886, 0.3372282841546982], "PosEmotion": [0.744921375329146, 1.502988206233605, 0.9507154378866388, 1.164594330811437], "NeuEmotion": [2.6377785819202058, 2.0455842846149594, 2.625661671049715, 2.494655628581359]}