{"NumberTweets": [2817.0, 6000.0, 2397.0, 2389.0], "UrduTweets": [579.0, 403.0, 189.0, 624.0], "Popularity": [0.009797427990414146, 0.45119988042089954, 0.10043031476148548, 0.13654767434404652], "NegEmotion": [0.344277284856941, 0.2563333333333333, 0.15268775732698786, 0.16586550256050087], "PosEmotion": [0.4110857285723935, 0.7503333333333333, 0.40382566997261216, 0.6678372213974602], "NeuEmotion": [1.2432170317954943, 0.9926666666666666, 1.4418178198025344, 1.1646227519391257]}