{"NumberTweets": [5338.0, 2836.0, 5389.0, 1675.0], "UrduTweets": [688.0, 358.0, 350.0, 421.0], "Popularity": [0.116988786424917, 0.2650269843905618, -0.05048032406489952, 0.013067452855776434], "NegEmotion": [0.19082989961716124, 0.19520959632508256, 0.20638710315443481, 0.168549129865723], "PosEmotion": [0.5370807645990977, 0.46136059679608554, 0.4746931195024791, 0.5123626647808768], "NeuEmotion": [1.2713397783848879, 1.342019284761835, 1.3181775233536603, 1.3167000767052663]}