{"NumberTweets": [5835.0, 7365.0, 5950.0, 2910.0], "UrduTweets": [825.0, 644.0, 572.0, 616.0], "Popularity": [0.11214829880567383, 0.4761317009420616, -0.08235193401893556, 0.02375871029760985], "NegEmotion": [0.42068939851333653, 0.39760005930071696, 0.31849520437158174, 0.29424681971608735], "PosEmotion": [0.7476780798363667, 0.9345986605914351, 0.6196210525006969, 0.8139456053699705], "NeuEmotion": [1.8299902127355736, 1.6664024378713516, 2.060316067829455, 1.8886281060370127]}