{"NumberTweets": [1632.0, 2122.0, 1847.0, 1039.0], "UrduTweets": [254.0, 134.0, 145.0, 155.0], "Popularity": [0.005821835715702935, 0.17573684075545848, -0.048116023431953286, 0.02465879620729192], "NegEmotion": [0.15134803921568626, 0.10320452403393025, 0.08825121819166215, 0.07795957651588066], "PosEmotion": [0.1721813725490196, 0.3656927426955702, 0.23984840281537628, 0.28007699711260825], "NeuEmotion": [0.6758578431372549, 0.530631479736098, 0.6713589604764483, 0.6410009624639076]}