{"NumberTweets": [3907.0, 3023.0, 2056.0, 1880.0], "UrduTweets": [564.0, 388.0, 92.0, 232.0], "Popularity": [0.33859614965735063, -0.1246855363021553, 0.06237953109145292, 0.259920339313781], "NegEmotion": [0.19205525130904655, 0.3636639700063363, 0.14494163424124512, 0.20851063829787234], "PosEmotion": [0.8723953138172247, 0.4924459331435067, 0.38229571984435795, 0.5797872340425532], "NeuEmotion": [0.9345018222614061, 1.1425654292878171, 1.4708171206225682, 1.2095744680851064]}