{"NumberTweets": [1907.0, 2649.0, 2238.0, 1331.0], "UrduTweets": [309.0, 144.0, 199.0, 202.0], "Popularity": [0.007104276264831074, 0.19131163922137914, -0.02223134180655909, 0.014673933786690432], "NegEmotion": [0.1782905086523335, 0.10532276330690826, 0.08891867739052725, 0.08715251690458302], "PosEmotion": [0.18668065023597274, 0.37599093997734995, 0.23369079535299375, 0.26746806912096166], "NeuEmotion": [0.6345044572627163, 0.5183087957719894, 0.6769436997319035, 0.6446280991735537]}