{"NumberTweets": [1949.0, 2795.0, 1433.0, 1250.0], "UrduTweets": [340.0, 347.0, 149.0, 338.0], "Popularity": [0.04406553210995477, -0.06392024215991983, -0.006409913044470982, 0.005755092381634763], "NegEmotion": [0.14058491534120063, 0.15062611806797854, 0.14305652477320308, 0.1448], "PosEmotion": [0.19805028219599793, 0.3395348837209302, 0.20516399162595952, 0.2432], "NeuEmotion": [0.6608517188301694, 0.5094812164579606, 0.6510816468946267, 0.6112]}