{"NumberTweets": [9595.0, 5851.0, 8275.0, 2887.0], "UrduTweets": [1298.0, 884.0, 586.0, 488.0], "Popularity": [0.15547204042841473, 0.5851847755056914, 0.10626886343199254, 0.01681015261659414], "NegEmotion": [0.23094628887210278, 0.5448899974645467, 0.3384380227373364, 0.4179740393456367], "PosEmotion": [1.0371525605705978, 0.8615296934148313, 0.633224249003838, 0.7611651237755166], "NeuEmotion": [1.7309432509887328, 1.592030100527078, 2.027201444521345, 1.817444744302318]}