{"NumberTweets": [4603.0, 3818.0, 2856.0, 2276.0], "UrduTweets": [627.0, 527.0, 116.0, 281.0], "Popularity": [0.38306106604071705, -0.17574037679666665, 0.05588038548561075, 0.23264450279955567], "NegEmotion": [0.18997819794917897, 0.3778663767065362, 0.12324929971988796, 0.2100076985860701], "PosEmotion": [0.8934403284857599, 0.49114303601436615, 0.3830532212885154, 0.5913911738838016], "NeuEmotion": [0.9157025557166704, 1.1299422276406692, 1.492296918767507, 1.196843656928766]}