{"NumberTweets": [1856.0, 2902.0, 1430.0, 589.0], "UrduTweets": [175.0, 334.0, 46.0, 55.0], "Popularity": [0.06457707893722583, 0.08293569694400464, 0.12902709564444964, 0.003726349650686949], "NegEmotion": [0.13038793103448276, 0.16299104066161269, 0.044755244755244755, 0.11205432937181664], "PosEmotion": [0.22144396551724138, 0.27360441075120606, 0.25944055944055944, 0.35823429541595925], "NeuEmotion": [0.6476293103448276, 0.5630599586492074, 0.6951048951048951, 0.5280135823429541]}