{"NumberTweets": [11431.0, 13494.0, 10708.0, 5004.0], "UrduTweets": [1770.0, 1096.0, 1067.0, 1093.0], "Popularity": [0.14974434987141694, 0.9185079817927826, 0.1334621286959847, 0.15398296711482273], "NegEmotion": [0.607998294596048, 0.544469461616741, 0.4132532749611696, 0.40427132487957385], "PosEmotion": [1.0653202320428954, 1.3214690651272443, 0.901220927247701, 1.008007476656918], "NeuEmotion": [2.3251830142727723, 2.1326428990268957, 2.683937614110082, 2.5844350863513688]}