{"NumberTweets": [2738.0, 1846.0, 3555.0, 1139.0], "UrduTweets": [292.0, 182.0, 306.0, 174.0], "Popularity": [0.13675981194359754, 0.014791596546289407, 0.06307815006495411, 0.015856792725999023], "NegEmotion": [0.12856099342585828, 0.17984832069339113, 0.09170182841068918, 0.14486391571553994], "PosEmotion": [0.3721694667640614, 0.228602383531961, 0.26638537271448665, 0.28797190517998245], "NeuEmotion": [0.4989043097151205, 0.5910075839653305, 0.6416315049226442, 0.5662862159789289]}