{"NumberTweets": [1928.0, 958.0, 3385.0, 1207.0], "UrduTweets": [249.0, 130.0, 396.0, 481.0], "Popularity": [0.0738401311257055, 0.25525140523280854, 0.08080775936200546, 0.0018454375675010706], "NegEmotion": [0.09802904564315353, 0.061586638830897704, 0.08774002954209749, 0.06710853355426678], "PosEmotion": [0.1908713692946058, 0.3757828810020877, 0.35450516986706054, 0.1864125932062966], "NeuEmotion": [0.7105809128630706, 0.5615866388308977, 0.5574593796159527, 0.7456503728251864]}