{"NumberTweets": [3544.0, 1640.0, 3469.0, 1221.0], "UrduTweets": [389.0, 223.0, 376.0, 114.0], "Popularity": [0.01812779671294979, 0.023341713195895567, 0.025378784831248887, 0.0018100834678458275], "NegEmotion": [0.12866817155756208, 0.14085365853658535, 0.10291150187373883, 0.1547911547911548], "PosEmotion": [0.27878103837471785, 0.3231707317073171, 0.2176419717497838, 0.32514332514332517], "NeuEmotion": [0.5922686230248307, 0.5353658536585366, 0.679158258864226, 0.5192465192465192]}