{"NumberTweets": [3833.0, 2627.0, 4845.0, 2479.0], "UrduTweets": [586.0, 375.0, 354.0, 335.0], "Popularity": [0.003562406914591113, 0.26877038654195035, 0.1007095806345567, -0.02544837204608217], "NegEmotion": [0.28777314891236194, 0.33562362072143426, 0.21695910557200984, 0.31180807443620884], "PosEmotion": [0.5254060971364412, 0.6451275038731885, 0.4051921420174246, 0.6953352520632918], "NeuEmotion": [1.1857766714989189, 1.017613044799466, 1.3768554128089758, 0.9912277243337013]}